"T","U:0","U:1","U:2","p","rho","vtkValidPointMask","arc_length","Points:0","Points:1","Points:2"
2.815,0.045653,0.041754,0,11.965,5.9505,1,0,0.59,0.01,0
2.815,0.045653,0.041754,0,11.965,5.9505,1,0.00018,0.59,0.01018,0
2.815,0.045653,0.041754,0,11.965,5.9505,1,0.00036,0.59,0.01036,0
2.815,0.045653,0.041754,0,11.965,5.9505,1,0.00054,0.59,0.01054,0
2.815,0.045653,0.041754,0,11.965,5.9505,1,0.00072,0.59,0.01072,0
2.815,0.045653,0.041754,0,11.965,5.9505,1,0.0009,0.59,0.0109,0
2.815,0.045653,0.041754,0,11.965,5.9505,1,0.00108,0.59,0.01108,0
2.815,0.045653,0.041754,0,11.965,5.9505,1,0.00126,0.59,0.01126,0
2.815,0.045653,0.041754,0,11.965,5.9505,1,0.00144,0.59,0.01144,0
2.815,0.045653,0.041754,0,11.965,5.9505,1,0.00162,0.59,0.01162,0
2.815,0.045653,0.041754,0,11.965,5.9505,1,0.0018,0.59,0.0118,0
2.815,0.045653,0.041754,0,11.965,5.9505,1,0.00198,0.59,0.01198,0
2.815,0.045653,0.041754,0,11.965,5.9505,1,0.00216,0.59,0.01216,0
2.815,0.045653,0.041754,0,11.965,5.9505,1,0.00234,0.59,0.01234,0
2.815,0.045653,0.041754,0,11.965,5.9505,1,0.00252,0.59,0.01252,0
2.815,0.045653,0.041754,0,11.965,5.9505,1,0.0027,0.59,0.0127,0
2.815,0.045653,0.041754,0,11.965,5.9505,1,0.00288,0.59,0.01288,0
2.815,0.045653,0.041754,0,11.965,5.9505,1,0.00306,0.59,0.01306,0
2.815,0.045653,0.041754,0,11.965,5.9505,1,0.00324,0.59,0.01324,0
2.815,0.045653,0.041754,0,11.965,5.9505,1,0.00342,0.59,0.01342,0
2.815,0.045653,0.041754,0,11.965,5.9505,1,0.0036,0.59,0.0136,0
2.815,0.045653,0.041754,0,11.965,5.9505,1,0.00378,0.59,0.01378,0
2.815,0.045653,0.041754,0,11.965,5.9505,1,0.00396,0.59,0.01396,0
2.815,0.045653,0.041754,0,11.965,5.9505,1,0.00414,0.59,0.01414,0
2.815,0.045653,0.041754,0,11.965,5.9505,1,0.00432,0.59,0.01432,0
2.815,0.045653,0.041754,0,11.965,5.9505,1,0.0045,0.59,0.0145,0
2.815,0.045653,0.041754,0,11.965,5.9505,1,0.00468,0.59,0.01468,0
2.815,0.045653,0.041754,0,11.965,5.9505,1,0.00486,0.59,0.01486,0
2.815,0.045653,0.041754,0,11.965,5.9505,1,0.00504,0.59,0.01504,0
2.815,0.045653,0.041754,0,11.965,5.9505,1,0.00522,0.59,0.01522,0
2.815,0.045653,0.041754,0,11.965,5.9505,1,0.0054,0.59,0.0154,0
2.815,0.045653,0.041754,0,11.965,5.9505,1,0.00558,0.59,0.01558,0
2.815,0.045653,0.041754,0,11.965,5.9505,1,0.00576,0.59,0.01576,0
2.815,0.045653,0.041754,0,11.965,5.9505,1,0.00594,0.59,0.01594,0
2.815,0.045653,0.041754,0,11.965,5.9505,1,0.00612,0.59,0.01612,0
2.815,0.045653,0.041754,0,11.965,5.9505,1,0.0063,0.59,0.0163,0
2.815,0.045653,0.041754,0,11.965,5.9505,1,0.00648,0.59,0.01648,0
2.815,0.045653,0.041754,0,11.965,5.9505,1,0.00666,0.59,0.01666,0
2.815,0.045653,0.041754,0,11.965,5.9505,1,0.00684,0.59,0.01684,0
2.815,0.045653,0.041754,0,11.965,5.9505,1,0.00702,0.59,0.01702,0
2.815,0.045653,0.041754,0,11.965,5.9505,1,0.0072,0.59,0.0172,0
2.815,0.045653,0.041754,0,11.965,5.9505,1,0.00738,0.59,0.01738,0
2.815,0.045653,0.041754,0,11.965,5.9505,1,0.00756,0.59,0.01756,0
2.815,0.045653,0.041754,0,11.965,5.9505,1,0.00774,0.59,0.01774,0
2.815,0.045653,0.041754,0,11.965,5.9505,1,0.00792,0.59,0.01792,0
2.815,0.045653,0.041754,0,11.965,5.9505,1,0.0081,0.59,0.0181,0
2.815,0.045653,0.041754,0,11.965,5.9505,1,0.00828,0.59,0.01828,0
2.815,0.045653,0.041754,0,11.965,5.9505,1,0.00846,0.59,0.01846,0
2.815,0.045653,0.041754,0,11.965,5.9505,1,0.00864,0.59,0.01864,0
2.815,0.045653,0.041754,0,11.965,5.9505,1,0.00882,0.59,0.01882,0
2.815,0.045653,0.041754,0,11.965,5.9505,1,0.009,0.59,0.019,0
2.815,0.045653,0.041754,0,11.965,5.9505,1,0.00918,0.59,0.01918,0
2.815,0.045653,0.041754,0,11.965,5.9505,1,0.00936,0.59,0.01936,0
2.815,0.045653,0.041754,0,11.965,5.9505,1,0.00954,0.59,0.01954,0
2.815,0.045653,0.041754,0,11.965,5.9505,1,0.00972,0.59,0.01972,0
2.815,0.045653,0.041754,0,11.965,5.9505,1,0.0099,0.59,0.0199,0
2.815,0.045653,0.041754,0,11.965,5.9505,1,0.01008,0.59,0.02008,0
2.815,0.045653,0.041754,0,11.965,5.9505,1,0.01026,0.59,0.02026,0
2.815,0.045653,0.041754,0,11.965,5.9505,1,0.01044,0.59,0.02044,0
2.815,0.045653,0.041754,0,11.965,5.9505,1,0.01062,0.59,0.02062,0
2.815,0.045653,0.041754,0,11.965,5.9505,1,0.0108,0.59,0.0208,0
2.815,0.045653,0.041754,0,11.965,5.9505,1,0.01098,0.59,0.02098,0
2.815,0.045653,0.041754,0,11.965,5.9505,1,0.01116,0.59,0.02116,0
2.815,0.045653,0.041754,0,11.965,5.9505,1,0.01134,0.59,0.02134,0
2.815,0.045653,0.041754,0,11.965,5.9505,1,0.01152,0.59,0.02152,0
2.815,0.045653,0.041754,0,11.965,5.9505,1,0.0117,0.59,0.0217,0
2.815,0.045653,0.041754,0,11.965,5.9505,1,0.01188,0.59,0.02188,0
2.815,0.045653,0.041754,0,11.965,5.9505,1,0.01206,0.59,0.02206,0
2.815,0.045653,0.041754,0,11.965,5.9505,1,0.01224,0.59,0.02224,0
2.815,0.045653,0.041754,0,11.965,5.9505,1,0.01242,0.59,0.02242,0
2.815,0.045653,0.041754,0,11.965,5.9505,1,0.0126,0.59,0.0226,0
2.815,0.045653,0.041754,0,11.965,5.9505,1,0.01278,0.59,0.02278,0
2.815,0.045653,0.041754,0,11.965,5.9505,1,0.01296,0.59,0.02296,0
2.815,0.045653,0.041754,0,11.965,5.9505,1,0.01314,0.59,0.02314,0
2.815,0.045653,0.041754,0,11.965,5.9505,1,0.01332,0.59,0.02332,0
2.815,0.045653,0.041754,0,11.965,5.9505,1,0.0135,0.59,0.0235,0
2.815,0.045653,0.041754,0,11.965,5.9505,1,0.01368,0.59,0.02368,0
2.815,0.045653,0.041754,0,11.965,5.9505,1,0.01386,0.59,0.02386,0
2.815,0.045653,0.041754,0,11.965,5.9505,1,0.01404,0.59,0.02404,0
2.815,0.045653,0.041754,0,11.965,5.9505,1,0.01422,0.59,0.02422,0
2.815,0.045653,0.041754,0,11.965,5.9505,1,0.0144,0.59,0.0244,0
2.815,0.045653,0.041754,0,11.965,5.9505,1,0.01458,0.59,0.02458,0
2.815,0.045653,0.041754,0,11.965,5.9505,1,0.01476,0.59,0.02476,0
2.815,0.045653,0.041754,0,11.965,5.9505,1,0.01494,0.59,0.02494,0
2.8107,0.042004,0.12594,0,11.901,5.9279,1,0.01512,0.59,0.02512,0
2.8107,0.042004,0.12594,0,11.901,5.9279,1,0.0153,0.59,0.0253,0
2.8107,0.042004,0.12594,0,11.901,5.9279,1,0.01548,0.59,0.02548,0
2.8107,0.042004,0.12594,0,11.901,5.9279,1,0.01566,0.59,0.02566,0
2.8107,0.042004,0.12594,0,11.901,5.9279,1,0.01584,0.59,0.02584,0
2.8107,0.042004,0.12594,0,11.901,5.9279,1,0.01602,0.59,0.02602,0
2.8107,0.042004,0.12594,0,11.901,5.9279,1,0.0162,0.59,0.0262,0
2.8107,0.042004,0.12594,0,11.901,5.9279,1,0.01638,0.59,0.02638,0
2.8107,0.042004,0.12594,0,11.901,5.9279,1,0.01656,0.59,0.02656,0
2.8107,0.042004,0.12594,0,11.901,5.9279,1,0.01674,0.59,0.02674,0
2.8107,0.042004,0.12594,0,11.901,5.9279,1,0.01692,0.59,0.02692,0
2.8107,0.042004,0.12594,0,11.901,5.9279,1,0.0171,0.59,0.0271,0
2.8107,0.042004,0.12594,0,11.901,5.9279,1,0.01728,0.59,0.02728,0
2.8107,0.042004,0.12594,0,11.901,5.9279,1,0.01746,0.59,0.02746,0
2.8107,0.042004,0.12594,0,11.901,5.9279,1,0.01764,0.59,0.02764,0
2.8107,0.042004,0.12594,0,11.901,5.9279,1,0.01782,0.59,0.02782,0
2.8107,0.042004,0.12594,0,11.901,5.9279,1,0.018,0.59,0.028,0
2.8107,0.042004,0.12594,0,11.901,5.9279,1,0.01818,0.59,0.02818,0
2.8107,0.042004,0.12594,0,11.901,5.9279,1,0.01836,0.59,0.02836,0
2.8107,0.042004,0.12594,0,11.901,5.9279,1,0.01854,0.59,0.02854,0
2.8107,0.042004,0.12594,0,11.901,5.9279,1,0.01872,0.59,0.02872,0
2.8107,0.042004,0.12594,0,11.901,5.9279,1,0.0189,0.59,0.0289,0
2.8107,0.042004,0.12594,0,11.901,5.9279,1,0.01908,0.59,0.02908,0
2.8107,0.042004,0.12594,0,11.901,5.9279,1,0.01926,0.59,0.02926,0
2.8107,0.042004,0.12594,0,11.901,5.9279,1,0.01944,0.59,0.02944,0
2.8107,0.042004,0.12594,0,11.901,5.9279,1,0.01962,0.59,0.02962,0
2.8107,0.042004,0.12594,0,11.901,5.9279,1,0.0198,0.59,0.0298,0
2.8107,0.042004,0.12594,0,11.901,5.9279,1,0.01998,0.59,0.02998,0
2.8107,0.042004,0.12594,0,11.901,5.9279,1,0.02016,0.59,0.03016,0
2.8107,0.042004,0.12594,0,11.901,5.9279,1,0.02034,0.59,0.03034,0
2.8107,0.042004,0.12594,0,11.901,5.9279,1,0.02052,0.59,0.03052,0
2.8107,0.042004,0.12594,0,11.901,5.9279,1,0.0207,0.59,0.0307,0
2.8107,0.042004,0.12594,0,11.901,5.9279,1,0.02088,0.59,0.03088,0
2.8107,0.042004,0.12594,0,11.901,5.9279,1,0.02106,0.59,0.03106,0
2.8107,0.042004,0.12594,0,11.901,5.9279,1,0.02124,0.59,0.03124,0
2.8107,0.042004,0.12594,0,11.901,5.9279,1,0.02142,0.59,0.03142,0
2.8107,0.042004,0.12594,0,11.901,5.9279,1,0.0216,0.59,0.0316,0
2.8107,0.042004,0.12594,0,11.901,5.9279,1,0.02178,0.59,0.03178,0
2.8107,0.042004,0.12594,0,11.901,5.9279,1,0.02196,0.59,0.03196,0
2.8107,0.042004,0.12594,0,11.901,5.9279,1,0.02214,0.59,0.03214,0
2.8107,0.042004,0.12594,0,11.901,5.9279,1,0.02232,0.59,0.03232,0
2.8107,0.042004,0.12594,0,11.901,5.9279,1,0.0225,0.59,0.0325,0
2.8107,0.042004,0.12594,0,11.901,5.9279,1,0.02268,0.59,0.03268,0
2.8107,0.042004,0.12594,0,11.901,5.9279,1,0.02286,0.59,0.03286,0
2.8107,0.042004,0.12594,0,11.901,5.9279,1,0.02304,0.59,0.03304,0
2.8107,0.042004,0.12594,0,11.901,5.9279,1,0.02322,0.59,0.03322,0
2.8107,0.042004,0.12594,0,11.901,5.9279,1,0.0234,0.59,0.0334,0
2.8107,0.042004,0.12594,0,11.901,5.9279,1,0.02358,0.59,0.03358,0
2.8107,0.042004,0.12594,0,11.901,5.9279,1,0.02376,0.59,0.03376,0
2.8107,0.042004,0.12594,0,11.901,5.9279,1,0.02394,0.59,0.03394,0
2.8107,0.042004,0.12594,0,11.901,5.9279,1,0.02412,0.59,0.03412,0
2.8107,0.042004,0.12594,0,11.901,5.9279,1,0.0243,0.59,0.0343,0
2.8107,0.042004,0.12594,0,11.901,5.9279,1,0.02448,0.59,0.03448,0
2.8107,0.042004,0.12594,0,11.901,5.9279,1,0.02466,0.59,0.03466,0
2.8107,0.042004,0.12594,0,11.901,5.9279,1,0.02484,0.59,0.03484,0
2.8107,0.042004,0.12594,0,11.901,5.9279,1,0.02502,0.59,0.03502,0
2.8107,0.042004,0.12594,0,11.901,5.9279,1,0.0252,0.59,0.0352,0
2.8107,0.042004,0.12594,0,11.901,5.9279,1,0.02538,0.59,0.03538,0
2.8107,0.042004,0.12594,0,11.901,5.9279,1,0.02556,0.59,0.03556,0
2.8107,0.042004,0.12594,0,11.901,5.9279,1,0.02574,0.59,0.03574,0
2.8107,0.042004,0.12594,0,11.901,5.9279,1,0.02592,0.59,0.03592,0
2.8107,0.042004,0.12594,0,11.901,5.9279,1,0.0261,0.59,0.0361,0
2.8107,0.042004,0.12594,0,11.901,5.9279,1,0.02628,0.59,0.03628,0
2.8107,0.042004,0.12594,0,11.901,5.9279,1,0.02646,0.59,0.03646,0
2.8107,0.042004,0.12594,0,11.901,5.9279,1,0.02664,0.59,0.03664,0
2.8107,0.042004,0.12594,0,11.901,5.9279,1,0.02682,0.59,0.03682,0
2.8107,0.042004,0.12594,0,11.901,5.9279,1,0.027,0.59,0.037,0
2.8107,0.042004,0.12594,0,11.901,5.9279,1,0.02718,0.59,0.03718,0
2.8107,0.042004,0.12594,0,11.901,5.9279,1,0.02736,0.59,0.03736,0
2.8107,0.042004,0.12594,0,11.901,5.9279,1,0.02754,0.59,0.03754,0
2.8107,0.042004,0.12594,0,11.901,5.9279,1,0.02772,0.59,0.03772,0
2.8107,0.042004,0.12594,0,11.901,5.9279,1,0.0279,0.59,0.0379,0
2.8107,0.042004,0.12594,0,11.901,5.9279,1,0.02808,0.59,0.03808,0
2.8107,0.042004,0.12594,0,11.901,5.9279,1,0.02826,0.59,0.03826,0
2.8107,0.042004,0.12594,0,11.901,5.9279,1,0.02844,0.59,0.03844,0
2.8107,0.042004,0.12594,0,11.901,5.9279,1,0.02862,0.59,0.03862,0
2.8107,0.042004,0.12594,0,11.901,5.9279,1,0.0288,0.59,0.0388,0
2.8107,0.042004,0.12594,0,11.901,5.9279,1,0.02898,0.59,0.03898,0
2.8107,0.042004,0.12594,0,11.901,5.9279,1,0.02916,0.59,0.03916,0
2.8107,0.042004,0.12594,0,11.901,5.9279,1,0.02934,0.59,0.03934,0
2.8107,0.042004,0.12594,0,11.901,5.9279,1,0.02952,0.59,0.03952,0
2.8107,0.042004,0.12594,0,11.901,5.9279,1,0.0297,0.59,0.0397,0
2.8107,0.042004,0.12594,0,11.901,5.9279,1,0.02988,0.59,0.03988,0
2.8107,0.042004,0.12594,0,11.901,5.9279,1,0.03006,0.59,0.04006,0
2.8107,0.042004,0.12594,0,11.901,5.9279,1,0.03024,0.59,0.04024,0
2.8107,0.042004,0.12594,0,11.901,5.9279,1,0.03042,0.59,0.04042,0
2.8107,0.042004,0.12594,0,11.901,5.9279,1,0.0306,0.59,0.0406,0
2.8107,0.042004,0.12594,0,11.901,5.9279,1,0.03078,0.59,0.04078,0
2.8107,0.042004,0.12594,0,11.901,5.9279,1,0.03096,0.59,0.04096,0
2.8107,0.042004,0.12594,0,11.901,5.9279,1,0.03114,0.59,0.04114,0
2.8107,0.042004,0.12594,0,11.901,5.9279,1,0.03132,0.59,0.04132,0
2.8107,0.042004,0.12594,0,11.901,5.9279,1,0.0315,0.59,0.0415,0
2.8107,0.042004,0.12594,0,11.901,5.9279,1,0.03168,0.59,0.04168,0
2.8107,0.042004,0.12594,0,11.901,5.9279,1,0.03186,0.59,0.04186,0
2.8107,0.042004,0.12594,0,11.901,5.9279,1,0.03204,0.59,0.04204,0
2.8107,0.042004,0.12594,0,11.901,5.9279,1,0.03222,0.59,0.04222,0
2.8107,0.042004,0.12594,0,11.901,5.9279,1,0.0324,0.59,0.0424,0
2.8107,0.042004,0.12594,0,11.901,5.9279,1,0.03258,0.59,0.04258,0
2.8107,0.042004,0.12594,0,11.901,5.9279,1,0.03276,0.59,0.04276,0
2.8107,0.042004,0.12594,0,11.901,5.9279,1,0.03294,0.59,0.04294,0
2.8107,0.042004,0.12594,0,11.901,5.9279,1,0.03312,0.59,0.04312,0
2.8107,0.042004,0.12594,0,11.901,5.9279,1,0.0333,0.59,0.0433,0
2.8107,0.042004,0.12594,0,11.901,5.9279,1,0.03348,0.59,0.04348,0
2.8107,0.042004,0.12594,0,11.901,5.9279,1,0.03366,0.59,0.04366,0
2.8107,0.042004,0.12594,0,11.901,5.9279,1,0.03384,0.59,0.04384,0
2.8107,0.042004,0.12594,0,11.901,5.9279,1,0.03402,0.59,0.04402,0
2.8107,0.042004,0.12594,0,11.901,5.9279,1,0.0342,0.59,0.0442,0
2.8107,0.042004,0.12594,0,11.901,5.9279,1,0.03438,0.59,0.04438,0
2.8107,0.042004,0.12594,0,11.901,5.9279,1,0.03456,0.59,0.04456,0
2.8107,0.042004,0.12594,0,11.901,5.9279,1,0.03474,0.59,0.04474,0
2.8107,0.042004,0.12594,0,11.901,5.9279,1,0.03492,0.59,0.04492,0
2.8107,0.042004,0.12594,0,11.901,5.9279,1,0.0351,0.59,0.0451,0
2.8107,0.042004,0.12594,0,11.901,5.9279,1,0.03528,0.59,0.04528,0
2.8107,0.042004,0.12594,0,11.901,5.9279,1,0.03546,0.59,0.04546,0
2.8107,0.042004,0.12594,0,11.901,5.9279,1,0.03564,0.59,0.04564,0
2.8107,0.042004,0.12594,0,11.901,5.9279,1,0.03582,0.59,0.04582,0
2.8107,0.042004,0.12594,0,11.901,5.9279,1,0.036,0.59,0.046,0
2.8107,0.042004,0.12594,0,11.901,5.9279,1,0.03618,0.59,0.04618,0
2.8107,0.042004,0.12594,0,11.901,5.9279,1,0.03636,0.59,0.04636,0
2.8107,0.042004,0.12594,0,11.901,5.9279,1,0.03654,0.59,0.04654,0
2.8107,0.042004,0.12594,0,11.901,5.9279,1,0.03672,0.59,0.04672,0
2.8107,0.042004,0.12594,0,11.901,5.9279,1,0.0369,0.59,0.0469,0
2.8107,0.042004,0.12594,0,11.901,5.9279,1,0.03708,0.59,0.04708,0
2.8107,0.042004,0.12594,0,11.901,5.9279,1,0.03726,0.59,0.04726,0
2.8107,0.042004,0.12594,0,11.901,5.9279,1,0.03744,0.59,0.04744,0
2.8107,0.042004,0.12594,0,11.901,5.9279,1,0.03762,0.59,0.04762,0
2.8107,0.042004,0.12594,0,11.901,5.9279,1,0.0378,0.59,0.0478,0
2.8107,0.042004,0.12594,0,11.901,5.9279,1,0.03798,0.59,0.04798,0
2.8107,0.042004,0.12594,0,11.901,5.9279,1,0.03816,0.59,0.04816,0
2.8107,0.042004,0.12594,0,11.901,5.9279,1,0.03834,0.59,0.04834,0
2.8107,0.042004,0.12594,0,11.901,5.9279,1,0.03852,0.59,0.04852,0
2.8107,0.042004,0.12594,0,11.901,5.9279,1,0.0387,0.59,0.0487,0
2.8107,0.042004,0.12594,0,11.901,5.9279,1,0.03888,0.59,0.04888,0
2.8107,0.042004,0.12594,0,11.901,5.9279,1,0.03906,0.59,0.04906,0
2.8107,0.042004,0.12594,0,11.901,5.9279,1,0.03924,0.59,0.04924,0
2.8107,0.042004,0.12594,0,11.901,5.9279,1,0.03942,0.59,0.04942,0
2.8107,0.042004,0.12594,0,11.901,5.9279,1,0.0396,0.59,0.0496,0
2.8107,0.042004,0.12594,0,11.901,5.9279,1,0.03978,0.59,0.04978,0
2.8107,0.042004,0.12594,0,11.901,5.9279,1,0.03996,0.59,0.04996,0
2.8054,0.041441,0.20487,0,11.822,5.8997,1,0.04014,0.59,0.05014,0
2.8054,0.041441,0.20487,0,11.822,5.8997,1,0.04032,0.59,0.05032,0
2.8054,0.041441,0.20487,0,11.822,5.8997,1,0.0405,0.59,0.0505,0
2.8054,0.041441,0.20487,0,11.822,5.8997,1,0.04068,0.59,0.05068,0
2.8054,0.041441,0.20487,0,11.822,5.8997,1,0.04086,0.59,0.05086,0
2.8054,0.041441,0.20487,0,11.822,5.8997,1,0.04104,0.59,0.05104,0
2.8054,0.041441,0.20487,0,11.822,5.8997,1,0.04122,0.59,0.05122,0
2.8054,0.041441,0.20487,0,11.822,5.8997,1,0.0414,0.59,0.0514,0
2.8054,0.041441,0.20487,0,11.822,5.8997,1,0.04158,0.59,0.05158,0
2.8054,0.041441,0.20487,0,11.822,5.8997,1,0.04176,0.59,0.05176,0
2.8054,0.041441,0.20487,0,11.822,5.8997,1,0.04194,0.59,0.05194,0
2.8054,0.041441,0.20487,0,11.822,5.8997,1,0.04212,0.59,0.05212,0
2.8054,0.041441,0.20487,0,11.822,5.8997,1,0.0423,0.59,0.0523,0
2.8054,0.041441,0.20487,0,11.822,5.8997,1,0.04248,0.59,0.05248,0
2.8054,0.041441,0.20487,0,11.822,5.8997,1,0.04266,0.59,0.05266,0
2.8054,0.041441,0.20487,0,11.822,5.8997,1,0.04284,0.59,0.05284,0
2.8054,0.041441,0.20487,0,11.822,5.8997,1,0.04302,0.59,0.05302,0
2.8054,0.041441,0.20487,0,11.822,5.8997,1,0.0432,0.59,0.0532,0
2.8054,0.041441,0.20487,0,11.822,5.8997,1,0.04338,0.59,0.05338,0
2.8054,0.041441,0.20487,0,11.822,5.8997,1,0.04356,0.59,0.05356,0
2.8054,0.041441,0.20487,0,11.822,5.8997,1,0.04374,0.59,0.05374,0
2.8054,0.041441,0.20487,0,11.822,5.8997,1,0.04392,0.59,0.05392,0
2.8054,0.041441,0.20487,0,11.822,5.8997,1,0.0441,0.59,0.0541,0
2.8054,0.041441,0.20487,0,11.822,5.8997,1,0.04428,0.59,0.05428,0
2.8054,0.041441,0.20487,0,11.822,5.8997,1,0.04446,0.59,0.05446,0
2.8054,0.041441,0.20487,0,11.822,5.8997,1,0.04464,0.59,0.05464,0
2.8054,0.041441,0.20487,0,11.822,5.8997,1,0.04482,0.59,0.05482,0
2.8054,0.041441,0.20487,0,11.822,5.8997,1,0.045,0.59,0.055,0
2.8054,0.041441,0.20487,0,11.822,5.8997,1,0.04518,0.59,0.05518,0
2.8054,0.041441,0.20487,0,11.822,5.8997,1,0.04536,0.59,0.05536,0
2.8054,0.041441,0.20487,0,11.822,5.8997,1,0.04554,0.59,0.05554,0
2.8054,0.041441,0.20487,0,11.822,5.8997,1,0.04572,0.59,0.05572,0
2.8054,0.041441,0.20487,0,11.822,5.8997,1,0.0459,0.59,0.0559,0
2.8054,0.041441,0.20487,0,11.822,5.8997,1,0.04608,0.59,0.05608,0
2.8054,0.041441,0.20487,0,11.822,5.8997,1,0.04626,0.59,0.05626,0
2.8054,0.041441,0.20487,0,11.822,5.8997,1,0.04644,0.59,0.05644,0
2.8054,0.041441,0.20487,0,11.822,5.8997,1,0.04662,0.59,0.05662,0
2.8054,0.041441,0.20487,0,11.822,5.8997,1,0.0468,0.59,0.0568,0
2.8054,0.041441,0.20487,0,11.822,5.8997,1,0.04698,0.59,0.05698,0
2.8054,0.041441,0.20487,0,11.822,5.8997,1,0.04716,0.59,0.05716,0
2.8054,0.041441,0.20487,0,11.822,5.8997,1,0.04734,0.59,0.05734,0
2.8054,0.041441,0.20487,0,11.822,5.8997,1,0.04752,0.59,0.05752,0
2.8054,0.041441,0.20487,0,11.822,5.8997,1,0.0477,0.59,0.0577,0
2.8054,0.041441,0.20487,0,11.822,5.8997,1,0.04788,0.59,0.05788,0
2.8054,0.041441,0.20487,0,11.822,5.8997,1,0.04806,0.59,0.05806,0
2.8054,0.041441,0.20487,0,11.822,5.8997,1,0.04824,0.59,0.05824,0
2.8054,0.041441,0.20487,0,11.822,5.8997,1,0.04842,0.59,0.05842,0
2.8054,0.041441,0.20487,0,11.822,5.8997,1,0.0486,0.59,0.0586,0
2.8054,0.041441,0.20487,0,11.822,5.8997,1,0.04878,0.59,0.05878,0
2.8054,0.041441,0.20487,0,11.822,5.8997,1,0.04896,0.59,0.05896,0
2.8054,0.041441,0.20487,0,11.822,5.8997,1,0.04914,0.59,0.05914,0
2.8054,0.041441,0.20487,0,11.822,5.8997,1,0.04932,0.59,0.05932,0
2.8054,0.041441,0.20487,0,11.822,5.8997,1,0.0495,0.59,0.0595,0
2.8054,0.041441,0.20487,0,11.822,5.8997,1,0.04968,0.59,0.05968,0
2.8054,0.041441,0.20487,0,11.822,5.8997,1,0.04986,0.59,0.05986,0
2.8054,0.041441,0.20487,0,11.822,5.8997,1,0.05004,0.59,0.06004,0
2.8054,0.041441,0.20487,0,11.822,5.8997,1,0.05022,0.59,0.06022,0
2.8054,0.041441,0.20487,0,11.822,5.8997,1,0.0504,0.59,0.0604,0
2.8054,0.041441,0.20487,0,11.822,5.8997,1,0.05058,0.59,0.06058,0
2.8054,0.041441,0.20487,0,11.822,5.8997,1,0.05076,0.59,0.06076,0
2.8054,0.041441,0.20487,0,11.822,5.8997,1,0.05094,0.59,0.06094,0
2.8054,0.041441,0.20487,0,11.822,5.8997,1,0.05112,0.59,0.06112,0
2.8054,0.041441,0.20487,0,11.822,5.8997,1,0.0513,0.59,0.0613,0
2.8054,0.041441,0.20487,0,11.822,5.8997,1,0.05148,0.59,0.06148,0
2.8054,0.041441,0.20487,0,11.822,5.8997,1,0.05166,0.59,0.06166,0
2.8054,0.041441,0.20487,0,11.822,5.8997,1,0.05184,0.59,0.06184,0
2.8054,0.041441,0.20487,0,11.822,5.8997,1,0.05202,0.59,0.06202,0
2.8054,0.041441,0.20487,0,11.822,5.8997,1,0.0522,0.59,0.0622,0
2.8054,0.041441,0.20487,0,11.822,5.8997,1,0.05238,0.59,0.06238,0
2.8054,0.041441,0.20487,0,11.822,5.8997,1,0.05256,0.59,0.06256,0
2.8054,0.041441,0.20487,0,11.822,5.8997,1,0.05274,0.59,0.06274,0
2.8054,0.041441,0.20487,0,11.822,5.8997,1,0.05292,0.59,0.06292,0
2.8054,0.041441,0.20487,0,11.822,5.8997,1,0.0531,0.59,0.0631,0
2.8054,0.041441,0.20487,0,11.822,5.8997,1,0.05328,0.59,0.06328,0
2.8054,0.041441,0.20487,0,11.822,5.8997,1,0.05346,0.59,0.06346,0
2.8054,0.041441,0.20487,0,11.822,5.8997,1,0.05364,0.59,0.06364,0
2.8054,0.041441,0.20487,0,11.822,5.8997,1,0.05382,0.59,0.06382,0
2.8054,0.041441,0.20487,0,11.822,5.8997,1,0.054,0.59,0.064,0
2.8054,0.041441,0.20487,0,11.822,5.8997,1,0.05418,0.59,0.06418,0
2.8054,0.041441,0.20487,0,11.822,5.8997,1,0.05436,0.59,0.06436,0
2.8054,0.041441,0.20487,0,11.822,5.8997,1,0.05454,0.59,0.06454,0
2.8054,0.041441,0.20487,0,11.822,5.8997,1,0.05472,0.59,0.06472,0
2.8054,0.041441,0.20487,0,11.822,5.8997,1,0.0549,0.59,0.0649,0
2.8054,0.041441,0.20487,0,11.822,5.8997,1,0.05508,0.59,0.06508,0
2.8054,0.041441,0.20487,0,11.822,5.8997,1,0.05526,0.59,0.06526,0
2.8054,0.041441,0.20487,0,11.822,5.8997,1,0.05544,0.59,0.06544,0
2.8054,0.041441,0.20487,0,11.822,5.8997,1,0.05562,0.59,0.06562,0
2.8054,0.041441,0.20487,0,11.822,5.8997,1,0.0558,0.59,0.0658,0
2.8054,0.041441,0.20487,0,11.822,5.8997,1,0.05598,0.59,0.06598,0
2.8054,0.041441,0.20487,0,11.822,5.8997,1,0.05616,0.59,0.06616,0
2.8054,0.041441,0.20487,0,11.822,5.8997,1,0.05634,0.59,0.06634,0
2.8054,0.041441,0.20487,0,11.822,5.8997,1,0.05652,0.59,0.06652,0
2.8054,0.041441,0.20487,0,11.822,5.8997,1,0.0567,0.59,0.0667,0
2.8054,0.041441,0.20487,0,11.822,5.8997,1,0.05688,0.59,0.06688,0
2.8054,0.041441,0.20487,0,11.822,5.8997,1,0.05706,0.59,0.06706,0
2.8054,0.041441,0.20487,0,11.822,5.8997,1,0.05724,0.59,0.06724,0
2.8054,0.041441,0.20487,0,11.822,5.8997,1,0.05742,0.59,0.06742,0
2.8054,0.041441,0.20487,0,11.822,5.8997,1,0.0576,0.59,0.0676,0
2.8054,0.041441,0.20487,0,11.822,5.8997,1,0.05778,0.59,0.06778,0
2.8054,0.041441,0.20487,0,11.822,5.8997,1,0.05796,0.59,0.06796,0
2.8054,0.041441,0.20487,0,11.822,5.8997,1,0.05814,0.59,0.06814,0
2.8054,0.041441,0.20487,0,11.822,5.8997,1,0.05832,0.59,0.06832,0
2.8054,0.041441,0.20487,0,11.822,5.8997,1,0.0585,0.59,0.0685,0
2.8054,0.041441,0.20487,0,11.822,5.8997,1,0.05868,0.59,0.06868,0
2.8054,0.041441,0.20487,0,11.822,5.8997,1,0.05886,0.59,0.06886,0
2.8054,0.041441,0.20487,0,11.822,5.8997,1,0.05904,0.59,0.06904,0
2.8054,0.041441,0.20487,0,11.822,5.8997,1,0.05922,0.59,0.06922,0
2.8054,0.041441,0.20487,0,11.822,5.8997,1,0.0594,0.59,0.0694,0
2.8054,0.041441,0.20487,0,11.822,5.8997,1,0.05958,0.59,0.06958,0
2.8054,0.041441,0.20487,0,11.822,5.8997,1,0.05976,0.59,0.06976,0
2.8054,0.041441,0.20487,0,11.822,5.8997,1,0.05994,0.59,0.06994,0
2.8054,0.041441,0.20487,0,11.822,5.8997,1,0.06012,0.59,0.07012,0
2.8054,0.041441,0.20487,0,11.822,5.8997,1,0.0603,0.59,0.0703,0
2.8054,0.041441,0.20487,0,11.822,5.8997,1,0.06048,0.59,0.07048,0
2.8054,0.041441,0.20487,0,11.822,5.8997,1,0.06066,0.59,0.07066,0
2.8054,0.041441,0.20487,0,11.822,5.8997,1,0.06084,0.59,0.07084,0
2.8054,0.041441,0.20487,0,11.822,5.8997,1,0.06102,0.59,0.07102,0
2.8054,0.041441,0.20487,0,11.822,5.8997,1,0.0612,0.59,0.0712,0
2.8054,0.041441,0.20487,0,11.822,5.8997,1,0.06138,0.59,0.07138,0
2.8054,0.041441,0.20487,0,11.822,5.8997,1,0.06156,0.59,0.07156,0
2.8054,0.041441,0.20487,0,11.822,5.8997,1,0.06174,0.59,0.07174,0
2.8054,0.041441,0.20487,0,11.822,5.8997,1,0.06192,0.59,0.07192,0
2.8054,0.041441,0.20487,0,11.822,5.8997,1,0.0621,0.59,0.0721,0
2.8054,0.041441,0.20487,0,11.822,5.8997,1,0.06228,0.59,0.07228,0
2.8054,0.041441,0.20487,0,11.822,5.8997,1,0.06246,0.59,0.07246,0
2.8054,0.041441,0.20487,0,11.822,5.8997,1,0.06264,0.59,0.07264,0
2.8054,0.041441,0.20487,0,11.822,5.8997,1,0.06282,0.59,0.07282,0
2.8054,0.041441,0.20487,0,11.822,5.8997,1,0.063,0.59,0.073,0
2.8054,0.041441,0.20487,0,11.822,5.8997,1,0.06318,0.59,0.07318,0
2.8054,0.041441,0.20487,0,11.822,5.8997,1,0.06336,0.59,0.07336,0
2.8054,0.041441,0.20487,0,11.822,5.8997,1,0.06354,0.59,0.07354,0
2.8054,0.041441,0.20487,0,11.822,5.8997,1,0.06372,0.59,0.07372,0
2.8054,0.041441,0.20487,0,11.822,5.8997,1,0.0639,0.59,0.0739,0
2.8054,0.041441,0.20487,0,11.822,5.8997,1,0.06408,0.59,0.07408,0
2.8054,0.041441,0.20487,0,11.822,5.8997,1,0.06426,0.59,0.07426,0
2.8054,0.041441,0.20487,0,11.822,5.8997,1,0.06444,0.59,0.07444,0
2.8054,0.041441,0.20487,0,11.822,5.8997,1,0.06462,0.59,0.07462,0
2.8054,0.041441,0.20487,0,11.822,5.8997,1,0.0648,0.59,0.0748,0
2.8054,0.041441,0.20487,0,11.822,5.8997,1,0.06498,0.59,0.07498,0
2.7969,0.0453,0.28938,0,11.698,5.8554,1,0.06516,0.59,0.07516,0
2.7969,0.0453,0.28938,0,11.698,5.8554,1,0.06534,0.59,0.07534,0
2.7969,0.0453,0.28938,0,11.698,5.8554,1,0.06552,0.59,0.07552,0
2.7969,0.0453,0.28938,0,11.698,5.8554,1,0.0657,0.59,0.0757,0
2.7969,0.0453,0.28938,0,11.698,5.8554,1,0.06588,0.59,0.07588,0
2.7969,0.0453,0.28938,0,11.698,5.8554,1,0.06606,0.59,0.07606,0
2.7969,0.0453,0.28938,0,11.698,5.8554,1,0.06624,0.59,0.07624,0
2.7969,0.0453,0.28938,0,11.698,5.8554,1,0.06642,0.59,0.07642,0
2.7969,0.0453,0.28938,0,11.698,5.8554,1,0.0666,0.59,0.0766,0
2.7969,0.0453,0.28938,0,11.698,5.8554,1,0.06678,0.59,0.07678,0
2.7969,0.0453,0.28938,0,11.698,5.8554,1,0.06696,0.59,0.07696,0
2.7969,0.0453,0.28938,0,11.698,5.8554,1,0.06714,0.59,0.07714,0
2.7969,0.0453,0.28938,0,11.698,5.8554,1,0.06732,0.59,0.07732,0
2.7969,0.0453,0.28938,0,11.698,5.8554,1,0.0675,0.59,0.0775,0
2.7969,0.0453,0.28938,0,11.698,5.8554,1,0.06768,0.59,0.07768,0
2.7969,0.0453,0.28938,0,11.698,5.8554,1,0.06786,0.59,0.07786,0
2.7969,0.0453,0.28938,0,11.698,5.8554,1,0.06804,0.59,0.07804,0
2.7969,0.0453,0.28938,0,11.698,5.8554,1,0.06822,0.59,0.07822,0
2.7969,0.0453,0.28938,0,11.698,5.8554,1,0.0684,0.59,0.0784,0
2.7969,0.0453,0.28938,0,11.698,5.8554,1,0.06858,0.59,0.07858,0
2.7969,0.0453,0.28938,0,11.698,5.8554,1,0.06876,0.59,0.07876,0
2.7969,0.0453,0.28938,0,11.698,5.8554,1,0.06894,0.59,0.07894,0
2.7969,0.0453,0.28938,0,11.698,5.8554,1,0.06912,0.59,0.07912,0
2.7969,0.0453,0.28938,0,11.698,5.8554,1,0.0693,0.59,0.0793,0
2.7969,0.0453,0.28938,0,11.698,5.8554,1,0.06948,0.59,0.07948,0
2.7969,0.0453,0.28938,0,11.698,5.8554,1,0.06966,0.59,0.07966,0
2.7969,0.0453,0.28938,0,11.698,5.8554,1,0.06984,0.59,0.07984,0
2.7969,0.0453,0.28938,0,11.698,5.8554,1,0.07002,0.59,0.08002,0
2.7969,0.0453,0.28938,0,11.698,5.8554,1,0.0702,0.59,0.0802,0
2.7969,0.0453,0.28938,0,11.698,5.8554,1,0.07038,0.59,0.08038,0
2.7969,0.0453,0.28938,0,11.698,5.8554,1,0.07056,0.59,0.08056,0
2.7969,0.0453,0.28938,0,11.698,5.8554,1,0.07074,0.59,0.08074,0
2.7969,0.0453,0.28938,0,11.698,5.8554,1,0.07092,0.59,0.08092,0
2.7969,0.0453,0.28938,0,11.698,5.8554,1,0.0711,0.59,0.0811,0
2.7969,0.0453,0.28938,0,11.698,5.8554,1,0.07128,0.59,0.08128,0
2.7969,0.0453,0.28938,0,11.698,5.8554,1,0.07146,0.59,0.08146,0
2.7969,0.0453,0.28938,0,11.698,5.8554,1,0.07164,0.59,0.08164,0
2.7969,0.0453,0.28938,0,11.698,5.8554,1,0.07182,0.59,0.08182,0
2.7969,0.0453,0.28938,0,11.698,5.8554,1,0.072,0.59,0.082,0
2.7969,0.0453,0.28938,0,11.698,5.8554,1,0.07218,0.59,0.08218,0
2.7969,0.0453,0.28938,0,11.698,5.8554,1,0.07236,0.59,0.08236,0
2.7969,0.0453,0.28938,0,11.698,5.8554,1,0.07254,0.59,0.08254,0
2.7969,0.0453,0.28938,0,11.698,5.8554,1,0.07272,0.59,0.08272,0
2.7969,0.0453,0.28938,0,11.698,5.8554,1,0.0729,0.59,0.0829,0
2.7969,0.0453,0.28938,0,11.698,5.8554,1,0.07308,0.59,0.08308,0
2.7969,0.0453,0.28938,0,11.698,5.8554,1,0.07326,0.59,0.08326,0
2.7969,0.0453,0.28938,0,11.698,5.8554,1,0.07344,0.59,0.08344,0
2.7969,0.0453,0.28938,0,11.698,5.8554,1,0.07362,0.59,0.08362,0
2.7969,0.0453,0.28938,0,11.698,5.8554,1,0.0738,0.59,0.0838,0
2.7969,0.0453,0.28938,0,11.698,5.8554,1,0.07398,0.59,0.08398,0
2.7969,0.0453,0.28938,0,11.698,5.8554,1,0.07416,0.59,0.08416,0
2.7969,0.0453,0.28938,0,11.698,5.8554,1,0.07434,0.59,0.08434,0
2.7969,0.0453,0.28938,0,11.698,5.8554,1,0.07452,0.59,0.08452,0
2.7969,0.0453,0.28938,0,11.698,5.8554,1,0.0747,0.59,0.0847,0
2.7969,0.0453,0.28938,0,11.698,5.8554,1,0.07488,0.59,0.08488,0
2.7969,0.0453,0.28938,0,11.698,5.8554,1,0.07506,0.59,0.08506,0
2.7969,0.0453,0.28938,0,11.698,5.8554,1,0.07524,0.59,0.08524,0
2.7969,0.0453,0.28938,0,11.698,5.8554,1,0.07542,0.59,0.08542,0
2.7969,0.0453,0.28938,0,11.698,5.8554,1,0.0756,0.59,0.0856,0
2.7969,0.0453,0.28938,0,11.698,5.8554,1,0.07578,0.59,0.08578,0
2.7969,0.0453,0.28938,0,11.698,5.8554,1,0.07596,0.59,0.08596,0
2.7969,0.0453,0.28938,0,11.698,5.8554,1,0.07614,0.59,0.08614,0
2.7969,0.0453,0.28938,0,11.698,5.8554,1,0.07632,0.59,0.08632,0
2.7969,0.0453,0.28938,0,11.698,5.8554,1,0.0765,0.59,0.0865,0
2.7969,0.0453,0.28938,0,11.698,5.8554,1,0.07668,0.59,0.08668,0
2.7969,0.0453,0.28938,0,11.698,5.8554,1,0.07686,0.59,0.08686,0
2.7969,0.0453,0.28938,0,11.698,5.8554,1,0.07704,0.59,0.08704,0
2.7969,0.0453,0.28938,0,11.698,5.8554,1,0.07722,0.59,0.08722,0
2.7969,0.0453,0.28938,0,11.698,5.8554,1,0.0774,0.59,0.0874,0
2.7969,0.0453,0.28938,0,11.698,5.8554,1,0.07758,0.59,0.08758,0
2.7969,0.0453,0.28938,0,11.698,5.8554,1,0.07776,0.59,0.08776,0
2.7969,0.0453,0.28938,0,11.698,5.8554,1,0.07794,0.59,0.08794,0
2.7969,0.0453,0.28938,0,11.698,5.8554,1,0.07812,0.59,0.08812,0
2.7969,0.0453,0.28938,0,11.698,5.8554,1,0.0783,0.59,0.0883,0
2.7969,0.0453,0.28938,0,11.698,5.8554,1,0.07848,0.59,0.08848,0
2.7969,0.0453,0.28938,0,11.698,5.8554,1,0.07866,0.59,0.08866,0
2.7969,0.0453,0.28938,0,11.698,5.8554,1,0.07884,0.59,0.08884,0
2.7969,0.0453,0.28938,0,11.698,5.8554,1,0.07902,0.59,0.08902,0
2.7969,0.0453,0.28938,0,11.698,5.8554,1,0.0792,0.59,0.0892,0
2.7969,0.0453,0.28938,0,11.698,5.8554,1,0.07938,0.59,0.08938,0
2.7969,0.0453,0.28938,0,11.698,5.8554,1,0.07956,0.59,0.08956,0
2.7969,0.0453,0.28938,0,11.698,5.8554,1,0.07974,0.59,0.08974,0
2.7969,0.0453,0.28938,0,11.698,5.8554,1,0.07992,0.59,0.08992,0
2.7969,0.0453,0.28938,0,11.698,5.8554,1,0.0801,0.59,0.0901,0
2.7969,0.0453,0.28938,0,11.698,5.8554,1,0.08028,0.59,0.09028,0
2.7969,0.0453,0.28938,0,11.698,5.8554,1,0.08046,0.59,0.09046,0
2.7969,0.0453,0.28938,0,11.698,5.8554,1,0.08064,0.59,0.09064,0
2.7969,0.0453,0.28938,0,11.698,5.8554,1,0.08082,0.59,0.09082,0
2.7969,0.0453,0.28938,0,11.698,5.8554,1,0.081,0.59,0.091,0
2.7969,0.0453,0.28938,0,11.698,5.8554,1,0.08118,0.59,0.09118,0
2.7969,0.0453,0.28938,0,11.698,5.8554,1,0.08136,0.59,0.09136,0
2.7969,0.0453,0.28938,0,11.698,5.8554,1,0.08154,0.59,0.09154,0
2.7969,0.0453,0.28938,0,11.698,5.8554,1,0.08172,0.59,0.09172,0
2.7969,0.0453,0.28938,0,11.698,5.8554,1,0.0819,0.59,0.0919,0
2.7969,0.0453,0.28938,0,11.698,5.8554,1,0.08208,0.59,0.09208,0
2.7969,0.0453,0.28938,0,11.698,5.8554,1,0.08226,0.59,0.09226,0
2.7969,0.0453,0.28938,0,11.698,5.8554,1,0.08244,0.59,0.09244,0
2.7969,0.0453,0.28938,0,11.698,5.8554,1,0.08262,0.59,0.09262,0
2.7969,0.0453,0.28938,0,11.698,5.8554,1,0.0828,0.59,0.0928,0
2.7969,0.0453,0.28938,0,11.698,5.8554,1,0.08298,0.59,0.09298,0
2.7969,0.0453,0.28938,0,11.698,5.8554,1,0.08316,0.59,0.09316,0
2.7969,0.0453,0.28938,0,11.698,5.8554,1,0.08334,0.59,0.09334,0
2.7969,0.0453,0.28938,0,11.698,5.8554,1,0.08352,0.59,0.09352,0
2.7969,0.0453,0.28938,0,11.698,5.8554,1,0.0837,0.59,0.0937,0
2.7969,0.0453,0.28938,0,11.698,5.8554,1,0.08388,0.59,0.09388,0
2.7969,0.0453,0.28938,0,11.698,5.8554,1,0.08406,0.59,0.09406,0
2.7969,0.0453,0.28938,0,11.698,5.8554,1,0.08424,0.59,0.09424,0
2.7969,0.0453,0.28938,0,11.698,5.8554,1,0.08442,0.59,0.09442,0
2.7969,0.0453,0.28938,0,11.698,5.8554,1,0.0846,0.59,0.0946,0
2.7969,0.0453,0.28938,0,11.698,5.8554,1,0.08478,0.59,0.09478,0
2.7969,0.0453,0.28938,0,11.698,5.8554,1,0.08496,0.59,0.09496,0
2.7969,0.0453,0.28938,0,11.698,5.8554,1,0.08514,0.59,0.09514,0
2.7969,0.0453,0.28938,0,11.698,5.8554,1,0.08532,0.59,0.09532,0
2.7969,0.0453,0.28938,0,11.698,5.8554,1,0.0855,0.59,0.0955,0
2.7969,0.0453,0.28938,0,11.698,5.8554,1,0.08568,0.59,0.09568,0
2.7969,0.0453,0.28938,0,11.698,5.8554,1,0.08586,0.59,0.09586,0
2.7969,0.0453,0.28938,0,11.698,5.8554,1,0.08604,0.59,0.09604,0
2.7969,0.0453,0.28938,0,11.698,5.8554,1,0.08622,0.59,0.09622,0
2.7969,0.0453,0.28938,0,11.698,5.8554,1,0.0864,0.59,0.0964,0
2.7969,0.0453,0.28938,0,11.698,5.8554,1,0.08658,0.59,0.09658,0
2.7969,0.0453,0.28938,0,11.698,5.8554,1,0.08676,0.59,0.09676,0
2.7969,0.0453,0.28938,0,11.698,5.8554,1,0.08694,0.59,0.09694,0
2.7969,0.0453,0.28938,0,11.698,5.8554,1,0.08712,0.59,0.09712,0
2.7969,0.0453,0.28938,0,11.698,5.8554,1,0.0873,0.59,0.0973,0
2.7969,0.0453,0.28938,0,11.698,5.8554,1,0.08748,0.59,0.09748,0
2.7969,0.0453,0.28938,0,11.698,5.8554,1,0.08766,0.59,0.09766,0
2.7969,0.0453,0.28938,0,11.698,5.8554,1,0.08784,0.59,0.09784,0
2.7969,0.0453,0.28938,0,11.698,5.8554,1,0.08802,0.59,0.09802,0
2.7969,0.0453,0.28938,0,11.698,5.8554,1,0.0882,0.59,0.0982,0
2.7969,0.0453,0.28938,0,11.698,5.8554,1,0.08838,0.59,0.09838,0
2.7969,0.0453,0.28938,0,11.698,5.8554,1,0.08856,0.59,0.09856,0
2.7969,0.0453,0.28938,0,11.698,5.8554,1,0.08874,0.59,0.09874,0
2.7969,0.0453,0.28938,0,11.698,5.8554,1,0.08892,0.59,0.09892,0
2.7969,0.0453,0.28938,0,11.698,5.8554,1,0.0891,0.59,0.0991,0
2.7969,0.0453,0.28938,0,11.698,5.8554,1,0.08928,0.59,0.09928,0
2.7969,0.0453,0.28938,0,11.698,5.8554,1,0.08946,0.59,0.09946,0
2.7969,0.0453,0.28938,0,11.698,5.8554,1,0.08964,0.59,0.09964,0
2.7969,0.0453,0.28938,0,11.698,5.8554,1,0.08982,0.59,0.09982,0
2.7969,0.0453,0.28938,0,11.698,5.8554,1,0.09,0.59,0.1,0
2.7829,0.05567,0.38816,0,11.509,5.7896,1,0.09018,0.59,0.10018,0
2.7829,0.05567,0.38816,0,11.509,5.7896,1,0.09036,0.59,0.10036,0
2.7829,0.05567,0.38816,0,11.509,5.7896,1,0.09054,0.59,0.10054,0
2.7829,0.05567,0.38816,0,11.509,5.7896,1,0.09072,0.59,0.10072,0
2.7829,0.05567,0.38816,0,11.509,5.7896,1,0.0909,0.59,0.1009,0
2.7829,0.05567,0.38816,0,11.509,5.7896,1,0.09108,0.59,0.10108,0
2.7829,0.05567,0.38816,0,11.509,5.7896,1,0.09126,0.59,0.10126,0
2.7829,0.05567,0.38816,0,11.509,5.7896,1,0.09144,0.59,0.10144,0
2.7829,0.05567,0.38816,0,11.509,5.7896,1,0.09162,0.59,0.10162,0
2.7829,0.05567,0.38816,0,11.509,5.7896,1,0.0918,0.59,0.1018,0
2.7829,0.05567,0.38816,0,11.509,5.7896,1,0.09198,0.59,0.10198,0
2.7829,0.05567,0.38816,0,11.509,5.7896,1,0.09216,0.59,0.10216,0
2.7829,0.05567,0.38816,0,11.509,5.7896,1,0.09234,0.59,0.10234,0
2.7829,0.05567,0.38816,0,11.509,5.7896,1,0.09252,0.59,0.10252,0
2.7829,0.05567,0.38816,0,11.509,5.7896,1,0.0927,0.59,0.1027,0
2.7829,0.05567,0.38816,0,11.509,5.7896,1,0.09288,0.59,0.10288,0
2.7829,0.05567,0.38816,0,11.509,5.7896,1,0.09306,0.59,0.10306,0
2.7829,0.05567,0.38816,0,11.509,5.7896,1,0.09324,0.59,0.10324,0
2.7829,0.05567,0.38816,0,11.509,5.7896,1,0.09342,0.59,0.10342,0
2.7829,0.05567,0.38816,0,11.509,5.7896,1,0.0936,0.59,0.1036,0
2.7829,0.05567,0.38816,0,11.509,5.7896,1,0.09378,0.59,0.10378,0
2.7829,0.05567,0.38816,0,11.509,5.7896,1,0.09396,0.59,0.10396,0
2.7829,0.05567,0.38816,0,11.509,5.7896,1,0.09414,0.59,0.10414,0
2.7829,0.05567,0.38816,0,11.509,5.7896,1,0.09432,0.59,0.10432,0
2.7829,0.05567,0.38816,0,11.509,5.7896,1,0.0945,0.59,0.1045,0
2.7829,0.05567,0.38816,0,11.509,5.7896,1,0.09468,0.59,0.10468,0
2.7829,0.05567,0.38816,0,11.509,5.7896,1,0.09486,0.59,0.10486,0
2.7829,0.05567,0.38816,0,11.509,5.7896,1,0.09504,0.59,0.10504,0
2.7829,0.05567,0.38816,0,11.509,5.7896,1,0.09522,0.59,0.10522,0
2.7829,0.05567,0.38816,0,11.509,5.7896,1,0.0954,0.59,0.1054,0
2.7829,0.05567,0.38816,0,11.509,5.7896,1,0.09558,0.59,0.10558,0
2.7829,0.05567,0.38816,0,11.509,5.7896,1,0.09576,0.59,0.10576,0
2.7829,0.05567,0.38816,0,11.509,5.7896,1,0.09594,0.59,0.10594,0
2.7829,0.05567,0.38816,0,11.509,5.7896,1,0.09612,0.59,0.10612,0
2.7829,0.05567,0.38816,0,11.509,5.7896,1,0.0963,0.59,0.1063,0
2.7829,0.05567,0.38816,0,11.509,5.7896,1,0.09648,0.59,0.10648,0
2.7829,0.05567,0.38816,0,11.509,5.7896,1,0.09666,0.59,0.10666,0
2.7829,0.05567,0.38816,0,11.509,5.7896,1,0.09684,0.59,0.10684,0
2.7829,0.05567,0.38816,0,11.509,5.7896,1,0.09702,0.59,0.10702,0
2.7829,0.05567,0.38816,0,11.509,5.7896,1,0.0972,0.59,0.1072,0
2.7829,0.05567,0.38816,0,11.509,5.7896,1,0.09738,0.59,0.10738,0
2.7829,0.05567,0.38816,0,11.509,5.7896,1,0.09756,0.59,0.10756,0
2.7829,0.05567,0.38816,0,11.509,5.7896,1,0.09774,0.59,0.10774,0
2.7829,0.05567,0.38816,0,11.509,5.7896,1,0.09792,0.59,0.10792,0
2.7829,0.05567,0.38816,0,11.509,5.7896,1,0.0981,0.59,0.1081,0
2.7829,0.05567,0.38816,0,11.509,5.7896,1,0.09828,0.59,0.10828,0
2.7829,0.05567,0.38816,0,11.509,5.7896,1,0.09846,0.59,0.10846,0
2.7829,0.05567,0.38816,0,11.509,5.7896,1,0.09864,0.59,0.10864,0
2.7829,0.05567,0.38816,0,11.509,5.7896,1,0.09882,0.59,0.10882,0
2.7829,0.05567,0.38816,0,11.509,5.7896,1,0.099,0.59,0.109,0
2.7829,0.05567,0.38816,0,11.509,5.7896,1,0.09918,0.59,0.10918,0
2.7829,0.05567,0.38816,0,11.509,5.7896,1,0.09936,0.59,0.10936,0
2.7829,0.05567,0.38816,0,11.509,5.7896,1,0.09954,0.59,0.10954,0
2.7829,0.05567,0.38816,0,11.509,5.7896,1,0.09972,0.59,0.10972,0
2.7829,0.05567,0.38816,0,11.509,5.7896,1,0.0999,0.59,0.1099,0
2.7829,0.05567,0.38816,0,11.509,5.7896,1,0.10008,0.59,0.11008,0
2.7829,0.05567,0.38816,0,11.509,5.7896,1,0.10026,0.59,0.11026,0
2.7829,0.05567,0.38816,0,11.509,5.7896,1,0.10044,0.59,0.11044,0
2.7829,0.05567,0.38816,0,11.509,5.7896,1,0.10062,0.59,0.11062,0
2.7829,0.05567,0.38816,0,11.509,5.7896,1,0.1008,0.59,0.1108,0
2.7829,0.05567,0.38816,0,11.509,5.7896,1,0.10098,0.59,0.11098,0
2.7829,0.05567,0.38816,0,11.509,5.7896,1,0.10116,0.59,0.11116,0
2.7829,0.05567,0.38816,0,11.509,5.7896,1,0.10134,0.59,0.11134,0
2.7829,0.05567,0.38816,0,11.509,5.7896,1,0.10152,0.59,0.11152,0
2.7829,0.05567,0.38816,0,11.509,5.7896,1,0.1017,0.59,0.1117,0
2.7829,0.05567,0.38816,0,11.509,5.7896,1,0.10188,0.59,0.11188,0
2.7829,0.05567,0.38816,0,11.509,5.7896,1,0.10206,0.59,0.11206,0
2.7829,0.05567,0.38816,0,11.509,5.7896,1,0.10224,0.59,0.11224,0
2.7829,0.05567,0.38816,0,11.509,5.7896,1,0.10242,0.59,0.11242,0
2.7829,0.05567,0.38816,0,11.509,5.7896,1,0.1026,0.59,0.1126,0
2.7829,0.05567,0.38816,0,11.509,5.7896,1,0.10278,0.59,0.11278,0
2.7829,0.05567,0.38816,0,11.509,5.7896,1,0.10296,0.59,0.11296,0
2.7829,0.05567,0.38816,0,11.509,5.7896,1,0.10314,0.59,0.11314,0
2.7829,0.05567,0.38816,0,11.509,5.7896,1,0.10332,0.59,0.11332,0
2.7829,0.05567,0.38816,0,11.509,5.7896,1,0.1035,0.59,0.1135,0
2.7829,0.05567,0.38816,0,11.509,5.7896,1,0.10368,0.59,0.11368,0
2.7829,0.05567,0.38816,0,11.509,5.7896,1,0.10386,0.59,0.11386,0
2.7829,0.05567,0.38816,0,11.509,5.7896,1,0.10404,0.59,0.11404,0
2.7829,0.05567,0.38816,0,11.509,5.7896,1,0.10422,0.59,0.11422,0
2.7829,0.05567,0.38816,0,11.509,5.7896,1,0.1044,0.59,0.1144,0
2.7829,0.05567,0.38816,0,11.509,5.7896,1,0.10458,0.59,0.11458,0
2.7829,0.05567,0.38816,0,11.509,5.7896,1,0.10476,0.59,0.11476,0
2.7829,0.05567,0.38816,0,11.509,5.7896,1,0.10494,0.59,0.11494,0
2.7829,0.05567,0.38816,0,11.509,5.7896,1,0.10512,0.59,0.11512,0
2.7829,0.05567,0.38816,0,11.509,5.7896,1,0.1053,0.59,0.1153,0
2.7829,0.05567,0.38816,0,11.509,5.7896,1,0.10548,0.59,0.11548,0
2.7829,0.05567,0.38816,0,11.509,5.7896,1,0.10566,0.59,0.11566,0
2.7829,0.05567,0.38816,0,11.509,5.7896,1,0.10584,0.59,0.11584,0
2.7829,0.05567,0.38816,0,11.509,5.7896,1,0.10602,0.59,0.11602,0
2.7829,0.05567,0.38816,0,11.509,5.7896,1,0.1062,0.59,0.1162,0
2.7829,0.05567,0.38816,0,11.509,5.7896,1,0.10638,0.59,0.11638,0
2.7829,0.05567,0.38816,0,11.509,5.7896,1,0.10656,0.59,0.11656,0
2.7829,0.05567,0.38816,0,11.509,5.7896,1,0.10674,0.59,0.11674,0
2.7829,0.05567,0.38816,0,11.509,5.7896,1,0.10692,0.59,0.11692,0
2.7829,0.05567,0.38816,0,11.509,5.7896,1,0.1071,0.59,0.1171,0
2.7829,0.05567,0.38816,0,11.509,5.7896,1,0.10728,0.59,0.11728,0
2.7829,0.05567,0.38816,0,11.509,5.7896,1,0.10746,0.59,0.11746,0
2.7829,0.05567,0.38816,0,11.509,5.7896,1,0.10764,0.59,0.11764,0
2.7829,0.05567,0.38816,0,11.509,5.7896,1,0.10782,0.59,0.11782,0
2.7829,0.05567,0.38816,0,11.509,5.7896,1,0.108,0.59,0.118,0
2.7829,0.05567,0.38816,0,11.509,5.7896,1,0.10818,0.59,0.11818,0
2.7829,0.05567,0.38816,0,11.509,5.7896,1,0.10836,0.59,0.11836,0
2.7829,0.05567,0.38816,0,11.509,5.7896,1,0.10854,0.59,0.11854,0
2.7829,0.05567,0.38816,0,11.509,5.7896,1,0.10872,0.59,0.11872,0
2.7829,0.05567,0.38816,0,11.509,5.7896,1,0.1089,0.59,0.1189,0
2.7829,0.05567,0.38816,0,11.509,5.7896,1,0.10908,0.59,0.11908,0
2.7829,0.05567,0.38816,0,11.509,5.7896,1,0.10926,0.59,0.11926,0
2.7829,0.05567,0.38816,0,11.509,5.7896,1,0.10944,0.59,0.11944,0
2.7829,0.05567,0.38816,0,11.509,5.7896,1,0.10962,0.59,0.11962,0
2.7829,0.05567,0.38816,0,11.509,5.7896,1,0.1098,0.59,0.1198,0
2.7829,0.05567,0.38816,0,11.509,5.7896,1,0.10998,0.59,0.11998,0
2.7829,0.05567,0.38816,0,11.509,5.7896,1,0.11016,0.59,0.12016,0
2.7829,0.05567,0.38816,0,11.509,5.7896,1,0.11034,0.59,0.12034,0
2.7829,0.05567,0.38816,0,11.509,5.7896,1,0.11052,0.59,0.12052,0
2.7829,0.05567,0.38816,0,11.509,5.7896,1,0.1107,0.59,0.1207,0
2.7829,0.05567,0.38816,0,11.509,5.7896,1,0.11088,0.59,0.12088,0
2.7829,0.05567,0.38816,0,11.509,5.7896,1,0.11106,0.59,0.12106,0
2.7829,0.05567,0.38816,0,11.509,5.7896,1,0.11124,0.59,0.12124,0
2.7829,0.05567,0.38816,0,11.509,5.7896,1,0.11142,0.59,0.12142,0
2.7829,0.05567,0.38816,0,11.509,5.7896,1,0.1116,0.59,0.1216,0
2.7829,0.05567,0.38816,0,11.509,5.7896,1,0.11178,0.59,0.12178,0
2.7829,0.05567,0.38816,0,11.509,5.7896,1,0.11196,0.59,0.12196,0
2.7829,0.05567,0.38816,0,11.509,5.7896,1,0.11214,0.59,0.12214,0
2.7829,0.05567,0.38816,0,11.509,5.7896,1,0.11232,0.59,0.12232,0
2.7829,0.05567,0.38816,0,11.509,5.7896,1,0.1125,0.59,0.1225,0
2.7829,0.05567,0.38816,0,11.509,5.7896,1,0.11268,0.59,0.12268,0
2.7829,0.05567,0.38816,0,11.509,5.7896,1,0.11286,0.59,0.12286,0
2.7829,0.05567,0.38816,0,11.509,5.7896,1,0.11304,0.59,0.12304,0
2.7829,0.05567,0.38816,0,11.509,5.7896,1,0.11322,0.59,0.12322,0
2.7829,0.05567,0.38816,0,11.509,5.7896,1,0.1134,0.59,0.1234,0
2.7829,0.05567,0.38816,0,11.509,5.7896,1,0.11358,0.59,0.12358,0
2.7829,0.05567,0.38816,0,11.509,5.7896,1,0.11376,0.59,0.12376,0
2.7829,0.05567,0.38816,0,11.509,5.7896,1,0.11394,0.59,0.12394,0
2.7829,0.05567,0.38816,0,11.509,5.7896,1,0.11412,0.59,0.12412,0
2.7829,0.05567,0.38816,0,11.509,5.7896,1,0.1143,0.59,0.1243,0
2.7829,0.05567,0.38816,0,11.509,5.7896,1,0.11448,0.59,0.12448,0
2.7829,0.05567,0.38816,0,11.509,5.7896,1,0.11466,0.59,0.12466,0
2.7829,0.05567,0.38816,0,11.509,5.7896,1,0.11484,0.59,0.12484,0
2.7565,0.057273,0.50937,0,11.191,5.6837,1,0.11502,0.59,0.12502,0
2.7565,0.057273,0.50937,0,11.191,5.6837,1,0.1152,0.59,0.1252,0
2.7565,0.057273,0.50937,0,11.191,5.6837,1,0.11538,0.59,0.12538,0
2.7565,0.057273,0.50937,0,11.191,5.6837,1,0.11556,0.59,0.12556,0
2.7565,0.057273,0.50937,0,11.191,5.6837,1,0.11574,0.59,0.12574,0
2.7565,0.057273,0.50937,0,11.191,5.6837,1,0.11592,0.59,0.12592,0
2.7565,0.057273,0.50937,0,11.191,5.6837,1,0.1161,0.59,0.1261,0
2.7565,0.057273,0.50937,0,11.191,5.6837,1,0.11628,0.59,0.12628,0
2.7565,0.057273,0.50937,0,11.191,5.6837,1,0.11646,0.59,0.12646,0
2.7565,0.057273,0.50937,0,11.191,5.6837,1,0.11664,0.59,0.12664,0
2.7565,0.057273,0.50937,0,11.191,5.6837,1,0.11682,0.59,0.12682,0
2.7565,0.057273,0.50937,0,11.191,5.6837,1,0.117,0.59,0.127,0
2.7565,0.057273,0.50937,0,11.191,5.6837,1,0.11718,0.59,0.12718,0
2.7565,0.057273,0.50937,0,11.191,5.6837,1,0.11736,0.59,0.12736,0
2.7565,0.057273,0.50937,0,11.191,5.6837,1,0.11754,0.59,0.12754,0
2.7565,0.057273,0.50937,0,11.191,5.6837,1,0.11772,0.59,0.12772,0
2.7565,0.057273,0.50937,0,11.191,5.6837,1,0.1179,0.59,0.1279,0
2.7565,0.057273,0.50937,0,11.191,5.6837,1,0.11808,0.59,0.12808,0
2.7565,0.057273,0.50937,0,11.191,5.6837,1,0.11826,0.59,0.12826,0
2.7565,0.057273,0.50937,0,11.191,5.6837,1,0.11844,0.59,0.12844,0
2.7565,0.057273,0.50937,0,11.191,5.6837,1,0.11862,0.59,0.12862,0
2.7565,0.057273,0.50937,0,11.191,5.6837,1,0.1188,0.59,0.1288,0
2.7565,0.057273,0.50937,0,11.191,5.6837,1,0.11898,0.59,0.12898,0
2.7565,0.057273,0.50937,0,11.191,5.6837,1,0.11916,0.59,0.12916,0
2.7565,0.057273,0.50937,0,11.191,5.6837,1,0.11934,0.59,0.12934,0
2.7565,0.057273,0.50937,0,11.191,5.6837,1,0.11952,0.59,0.12952,0
2.7565,0.057273,0.50937,0,11.191,5.6837,1,0.1197,0.59,0.1297,0
2.7565,0.057273,0.50937,0,11.191,5.6837,1,0.11988,0.59,0.12988,0
2.7565,0.057273,0.50937,0,11.191,5.6837,1,0.12006,0.59,0.13006,0
2.7565,0.057273,0.50937,0,11.191,5.6837,1,0.12024,0.59,0.13024,0
2.7565,0.057273,0.50937,0,11.191,5.6837,1,0.12042,0.59,0.13042,0
2.7565,0.057273,0.50937,0,11.191,5.6837,1,0.1206,0.59,0.1306,0
2.7565,0.057273,0.50937,0,11.191,5.6837,1,0.12078,0.59,0.13078,0
2.7565,0.057273,0.50937,0,11.191,5.6837,1,0.12096,0.59,0.13096,0
2.7565,0.057273,0.50937,0,11.191,5.6837,1,0.12114,0.59,0.13114,0
2.7565,0.057273,0.50937,0,11.191,5.6837,1,0.12132,0.59,0.13132,0
2.7565,0.057273,0.50937,0,11.191,5.6837,1,0.1215,0.59,0.1315,0
2.7565,0.057273,0.50937,0,11.191,5.6837,1,0.12168,0.59,0.13168,0
2.7565,0.057273,0.50937,0,11.191,5.6837,1,0.12186,0.59,0.13186,0
2.7565,0.057273,0.50937,0,11.191,5.6837,1,0.12204,0.59,0.13204,0
2.7565,0.057273,0.50937,0,11.191,5.6837,1,0.12222,0.59,0.13222,0
2.7565,0.057273,0.50937,0,11.191,5.6837,1,0.1224,0.59,0.1324,0
2.7565,0.057273,0.50937,0,11.191,5.6837,1,0.12258,0.59,0.13258,0
2.7565,0.057273,0.50937,0,11.191,5.6837,1,0.12276,0.59,0.13276,0
2.7565,0.057273,0.50937,0,11.191,5.6837,1,0.12294,0.59,0.13294,0
2.7565,0.057273,0.50937,0,11.191,5.6837,1,0.12312,0.59,0.13312,0
2.7565,0.057273,0.50937,0,11.191,5.6837,1,0.1233,0.59,0.1333,0
2.7565,0.057273,0.50937,0,11.191,5.6837,1,0.12348,0.59,0.13348,0
2.7565,0.057273,0.50937,0,11.191,5.6837,1,0.12366,0.59,0.13366,0
2.7565,0.057273,0.50937,0,11.191,5.6837,1,0.12384,0.59,0.13384,0
2.7565,0.057273,0.50937,0,11.191,5.6837,1,0.12402,0.59,0.13402,0
2.7565,0.057273,0.50937,0,11.191,5.6837,1,0.1242,0.59,0.1342,0
2.7565,0.057273,0.50937,0,11.191,5.6837,1,0.12438,0.59,0.13438,0
2.7565,0.057273,0.50937,0,11.191,5.6837,1,0.12456,0.59,0.13456,0
2.7565,0.057273,0.50937,0,11.191,5.6837,1,0.12474,0.59,0.13474,0
2.7565,0.057273,0.50937,0,11.191,5.6837,1,0.12492,0.59,0.13492,0
2.7565,0.057273,0.50937,0,11.191,5.6837,1,0.1251,0.59,0.1351,0
2.7565,0.057273,0.50937,0,11.191,5.6837,1,0.12528,0.59,0.13528,0
2.7565,0.057273,0.50937,0,11.191,5.6837,1,0.12546,0.59,0.13546,0
2.7565,0.057273,0.50937,0,11.191,5.6837,1,0.12564,0.59,0.13564,0
2.7565,0.057273,0.50937,0,11.191,5.6837,1,0.12582,0.59,0.13582,0
2.7565,0.057273,0.50937,0,11.191,5.6837,1,0.126,0.59,0.136,0
2.7565,0.057273,0.50937,0,11.191,5.6837,1,0.12618,0.59,0.13618,0
2.7565,0.057273,0.50937,0,11.191,5.6837,1,0.12636,0.59,0.13636,0
2.7565,0.057273,0.50937,0,11.191,5.6837,1,0.12654,0.59,0.13654,0
2.7565,0.057273,0.50937,0,11.191,5.6837,1,0.12672,0.59,0.13672,0
2.7565,0.057273,0.50937,0,11.191,5.6837,1,0.1269,0.59,0.1369,0
2.7565,0.057273,0.50937,0,11.191,5.6837,1,0.12708,0.59,0.13708,0
2.7565,0.057273,0.50937,0,11.191,5.6837,1,0.12726,0.59,0.13726,0
2.7565,0.057273,0.50937,0,11.191,5.6837,1,0.12744,0.59,0.13744,0
2.7565,0.057273,0.50937,0,11.191,5.6837,1,0.12762,0.59,0.13762,0
2.7565,0.057273,0.50937,0,11.191,5.6837,1,0.1278,0.59,0.1378,0
2.7565,0.057273,0.50937,0,11.191,5.6837,1,0.12798,0.59,0.13798,0
2.7565,0.057273,0.50937,0,11.191,5.6837,1,0.12816,0.59,0.13816,0
2.7565,0.057273,0.50937,0,11.191,5.6837,1,0.12834,0.59,0.13834,0
2.7565,0.057273,0.50937,0,11.191,5.6837,1,0.12852,0.59,0.13852,0
2.7565,0.057273,0.50937,0,11.191,5.6837,1,0.1287,0.59,0.1387,0
2.7565,0.057273,0.50937,0,11.191,5.6837,1,0.12888,0.59,0.13888,0
2.7565,0.057273,0.50937,0,11.191,5.6837,1,0.12906,0.59,0.13906,0
2.7565,0.057273,0.50937,0,11.191,5.6837,1,0.12924,0.59,0.13924,0
2.7565,0.057273,0.50937,0,11.191,5.6837,1,0.12942,0.59,0.13942,0
2.7565,0.057273,0.50937,0,11.191,5.6837,1,0.1296,0.59,0.1396,0
2.7565,0.057273,0.50937,0,11.191,5.6837,1,0.12978,0.59,0.13978,0
2.7565,0.057273,0.50937,0,11.191,5.6837,1,0.12996,0.59,0.13996,0
2.7565,0.057273,0.50937,0,11.191,5.6837,1,0.13014,0.59,0.14014,0
2.7565,0.057273,0.50937,0,11.191,5.6837,1,0.13032,0.59,0.14032,0
2.7565,0.057273,0.50937,0,11.191,5.6837,1,0.1305,0.59,0.1405,0
2.7565,0.057273,0.50937,0,11.191,5.6837,1,0.13068,0.59,0.14068,0
2.7565,0.057273,0.50937,0,11.191,5.6837,1,0.13086,0.59,0.14086,0
2.7565,0.057273,0.50937,0,11.191,5.6837,1,0.13104,0.59,0.14104,0
2.7565,0.057273,0.50937,0,11.191,5.6837,1,0.13122,0.59,0.14122,0
2.7565,0.057273,0.50937,0,11.191,5.6837,1,0.1314,0.59,0.1414,0
2.7565,0.057273,0.50937,0,11.191,5.6837,1,0.13158,0.59,0.14158,0
2.7565,0.057273,0.50937,0,11.191,5.6837,1,0.13176,0.59,0.14176,0
2.7565,0.057273,0.50937,0,11.191,5.6837,1,0.13194,0.59,0.14194,0
2.7565,0.057273,0.50937,0,11.191,5.6837,1,0.13212,0.59,0.14212,0
2.7565,0.057273,0.50937,0,11.191,5.6837,1,0.1323,0.59,0.1423,0
2.7565,0.057273,0.50937,0,11.191,5.6837,1,0.13248,0.59,0.14248,0
2.7565,0.057273,0.50937,0,11.191,5.6837,1,0.13266,0.59,0.14266,0
2.7565,0.057273,0.50937,0,11.191,5.6837,1,0.13284,0.59,0.14284,0
2.7565,0.057273,0.50937,0,11.191,5.6837,1,0.13302,0.59,0.14302,0
2.7565,0.057273,0.50937,0,11.191,5.6837,1,0.1332,0.59,0.1432,0
2.7565,0.057273,0.50937,0,11.191,5.6837,1,0.13338,0.59,0.14338,0
2.7565,0.057273,0.50937,0,11.191,5.6837,1,0.13356,0.59,0.14356,0
2.7565,0.057273,0.50937,0,11.191,5.6837,1,0.13374,0.59,0.14374,0
2.7565,0.057273,0.50937,0,11.191,5.6837,1,0.13392,0.59,0.14392,0
2.7565,0.057273,0.50937,0,11.191,5.6837,1,0.1341,0.59,0.1441,0
2.7565,0.057273,0.50937,0,11.191,5.6837,1,0.13428,0.59,0.14428,0
2.7565,0.057273,0.50937,0,11.191,5.6837,1,0.13446,0.59,0.14446,0
2.7565,0.057273,0.50937,0,11.191,5.6837,1,0.13464,0.59,0.14464,0
2.7565,0.057273,0.50937,0,11.191,5.6837,1,0.13482,0.59,0.14482,0
2.7565,0.057273,0.50937,0,11.191,5.6837,1,0.135,0.59,0.145,0
2.7565,0.057273,0.50937,0,11.191,5.6837,1,0.13518,0.59,0.14518,0
2.7565,0.057273,0.50937,0,11.191,5.6837,1,0.13536,0.59,0.14536,0
2.7565,0.057273,0.50937,0,11.191,5.6837,1,0.13554,0.59,0.14554,0
2.7565,0.057273,0.50937,0,11.191,5.6837,1,0.13572,0.59,0.14572,0
2.7565,0.057273,0.50937,0,11.191,5.6837,1,0.1359,0.59,0.1459,0
2.7565,0.057273,0.50937,0,11.191,5.6837,1,0.13608,0.59,0.14608,0
2.7565,0.057273,0.50937,0,11.191,5.6837,1,0.13626,0.59,0.14626,0
2.7565,0.057273,0.50937,0,11.191,5.6837,1,0.13644,0.59,0.14644,0
2.7565,0.057273,0.50937,0,11.191,5.6837,1,0.13662,0.59,0.14662,0
2.7565,0.057273,0.50937,0,11.191,5.6837,1,0.1368,0.59,0.1468,0
2.7565,0.057273,0.50937,0,11.191,5.6837,1,0.13698,0.59,0.14698,0
2.7565,0.057273,0.50937,0,11.191,5.6837,1,0.13716,0.59,0.14716,0
2.7565,0.057273,0.50937,0,11.191,5.6837,1,0.13734,0.59,0.14734,0
2.7565,0.057273,0.50937,0,11.191,5.6837,1,0.13752,0.59,0.14752,0
2.7565,0.057273,0.50937,0,11.191,5.6837,1,0.1377,0.59,0.1477,0
2.7565,0.057273,0.50937,0,11.191,5.6837,1,0.13788,0.59,0.14788,0
2.7565,0.057273,0.50937,0,11.191,5.6837,1,0.13806,0.59,0.14806,0
2.7565,0.057273,0.50937,0,11.191,5.6837,1,0.13824,0.59,0.14824,0
2.7565,0.057273,0.50937,0,11.191,5.6837,1,0.13842,0.59,0.14842,0
2.7565,0.057273,0.50937,0,11.191,5.6837,1,0.1386,0.59,0.1486,0
2.7565,0.057273,0.50937,0,11.191,5.6837,1,0.13878,0.59,0.14878,0
2.7565,0.057273,0.50937,0,11.191,5.6837,1,0.13896,0.59,0.14896,0
2.7565,0.057273,0.50937,0,11.191,5.6837,1,0.13914,0.59,0.14914,0
2.7565,0.057273,0.50937,0,11.191,5.6837,1,0.13932,0.59,0.14932,0
2.7565,0.057273,0.50937,0,11.191,5.6837,1,0.1395,0.59,0.1495,0
2.7565,0.057273,0.50937,0,11.191,5.6837,1,0.13968,0.59,0.14968,0
2.7565,0.057273,0.50937,0,11.191,5.6837,1,0.13986,0.59,0.14986,0
2.7192,0.10309,0.65501,0,10.702,5.51,1,0.14004,0.59,0.15004,0
2.7192,0.10309,0.65501,0,10.702,5.51,1,0.14022,0.59,0.15022,0
2.7192,0.10309,0.65501,0,10.702,5.51,1,0.1404,0.59,0.1504,0
2.7192,0.10309,0.65501,0,10.702,5.51,1,0.14058,0.59,0.15058,0
2.7192,0.10309,0.65501,0,10.702,5.51,1,0.14076,0.59,0.15076,0
2.7192,0.10309,0.65501,0,10.702,5.51,1,0.14094,0.59,0.15094,0
2.7192,0.10309,0.65501,0,10.702,5.51,1,0.14112,0.59,0.15112,0
2.7192,0.10309,0.65501,0,10.702,5.51,1,0.1413,0.59,0.1513,0
2.7192,0.10309,0.65501,0,10.702,5.51,1,0.14148,0.59,0.15148,0
2.7192,0.10309,0.65501,0,10.702,5.51,1,0.14166,0.59,0.15166,0
2.7192,0.10309,0.65501,0,10.702,5.51,1,0.14184,0.59,0.15184,0
2.7192,0.10309,0.65501,0,10.702,5.51,1,0.14202,0.59,0.15202,0
2.7192,0.10309,0.65501,0,10.702,5.51,1,0.1422,0.59,0.1522,0
2.7192,0.10309,0.65501,0,10.702,5.51,1,0.14238,0.59,0.15238,0
2.7192,0.10309,0.65501,0,10.702,5.51,1,0.14256,0.59,0.15256,0
2.7192,0.10309,0.65501,0,10.702,5.51,1,0.14274,0.59,0.15274,0
2.7192,0.10309,0.65501,0,10.702,5.51,1,0.14292,0.59,0.15292,0
2.7192,0.10309,0.65501,0,10.702,5.51,1,0.1431,0.59,0.1531,0
2.7192,0.10309,0.65501,0,10.702,5.51,1,0.14328,0.59,0.15328,0
2.7192,0.10309,0.65501,0,10.702,5.51,1,0.14346,0.59,0.15346,0
2.7192,0.10309,0.65501,0,10.702,5.51,1,0.14364,0.59,0.15364,0
2.7192,0.10309,0.65501,0,10.702,5.51,1,0.14382,0.59,0.15382,0
2.7192,0.10309,0.65501,0,10.702,5.51,1,0.144,0.59,0.154,0
2.7192,0.10309,0.65501,0,10.702,5.51,1,0.14418,0.59,0.15418,0
2.7192,0.10309,0.65501,0,10.702,5.51,1,0.14436,0.59,0.15436,0
2.7192,0.10309,0.65501,0,10.702,5.51,1,0.14454,0.59,0.15454,0
2.7192,0.10309,0.65501,0,10.702,5.51,1,0.14472,0.59,0.15472,0
2.7192,0.10309,0.65501,0,10.702,5.51,1,0.1449,0.59,0.1549,0
2.7192,0.10309,0.65501,0,10.702,5.51,1,0.14508,0.59,0.15508,0
2.7192,0.10309,0.65501,0,10.702,5.51,1,0.14526,0.59,0.15526,0
2.7192,0.10309,0.65501,0,10.702,5.51,1,0.14544,0.59,0.15544,0
2.7192,0.10309,0.65501,0,10.702,5.51,1,0.14562,0.59,0.15562,0
2.7192,0.10309,0.65501,0,10.702,5.51,1,0.1458,0.59,0.1558,0
2.7192,0.10309,0.65501,0,10.702,5.51,1,0.14598,0.59,0.15598,0
2.7192,0.10309,0.65501,0,10.702,5.51,1,0.14616,0.59,0.15616,0
2.7192,0.10309,0.65501,0,10.702,5.51,1,0.14634,0.59,0.15634,0
2.7192,0.10309,0.65501,0,10.702,5.51,1,0.14652,0.59,0.15652,0
2.7192,0.10309,0.65501,0,10.702,5.51,1,0.1467,0.59,0.1567,0
2.7192,0.10309,0.65501,0,10.702,5.51,1,0.14688,0.59,0.15688,0
2.7192,0.10309,0.65501,0,10.702,5.51,1,0.14706,0.59,0.15706,0
2.7192,0.10309,0.65501,0,10.702,5.51,1,0.14724,0.59,0.15724,0
2.7192,0.10309,0.65501,0,10.702,5.51,1,0.14742,0.59,0.15742,0
2.7192,0.10309,0.65501,0,10.702,5.51,1,0.1476,0.59,0.1576,0
2.7192,0.10309,0.65501,0,10.702,5.51,1,0.14778,0.59,0.15778,0
2.7192,0.10309,0.65501,0,10.702,5.51,1,0.14796,0.59,0.15796,0
2.7192,0.10309,0.65501,0,10.702,5.51,1,0.14814,0.59,0.15814,0
2.7192,0.10309,0.65501,0,10.702,5.51,1,0.14832,0.59,0.15832,0
2.7192,0.10309,0.65501,0,10.702,5.51,1,0.1485,0.59,0.1585,0
2.7192,0.10309,0.65501,0,10.702,5.51,1,0.14868,0.59,0.15868,0
2.7192,0.10309,0.65501,0,10.702,5.51,1,0.14886,0.59,0.15886,0
2.7192,0.10309,0.65501,0,10.702,5.51,1,0.14904,0.59,0.15904,0
2.7192,0.10309,0.65501,0,10.702,5.51,1,0.14922,0.59,0.15922,0
2.7192,0.10309,0.65501,0,10.702,5.51,1,0.1494,0.59,0.1594,0
2.7192,0.10309,0.65501,0,10.702,5.51,1,0.14958,0.59,0.15958,0
2.7192,0.10309,0.65501,0,10.702,5.51,1,0.14976,0.59,0.15976,0
2.7192,0.10309,0.65501,0,10.702,5.51,1,0.14994,0.59,0.15994,0
2.7192,0.10309,0.65501,0,10.702,5.51,1,0.15012,0.59,0.16012,0
2.7192,0.10309,0.65501,0,10.702,5.51,1,0.1503,0.59,0.1603,0
2.7192,0.10309,0.65501,0,10.702,5.51,1,0.15048,0.59,0.16048,0
2.7192,0.10309,0.65501,0,10.702,5.51,1,0.15066,0.59,0.16066,0
2.7192,0.10309,0.65501,0,10.702,5.51,1,0.15084,0.59,0.16084,0
2.7192,0.10309,0.65501,0,10.702,5.51,1,0.15102,0.59,0.16102,0
2.7192,0.10309,0.65501,0,10.702,5.51,1,0.1512,0.59,0.1612,0
2.7192,0.10309,0.65501,0,10.702,5.51,1,0.15138,0.59,0.16138,0
2.7192,0.10309,0.65501,0,10.702,5.51,1,0.15156,0.59,0.16156,0
2.7192,0.10309,0.65501,0,10.702,5.51,1,0.15174,0.59,0.16174,0
2.7192,0.10309,0.65501,0,10.702,5.51,1,0.15192,0.59,0.16192,0
2.7192,0.10309,0.65501,0,10.702,5.51,1,0.1521,0.59,0.1621,0
2.7192,0.10309,0.65501,0,10.702,5.51,1,0.15228,0.59,0.16228,0
2.7192,0.10309,0.65501,0,10.702,5.51,1,0.15246,0.59,0.16246,0
2.7192,0.10309,0.65501,0,10.702,5.51,1,0.15264,0.59,0.16264,0
2.7192,0.10309,0.65501,0,10.702,5.51,1,0.15282,0.59,0.16282,0
2.7192,0.10309,0.65501,0,10.702,5.51,1,0.153,0.59,0.163,0
2.7192,0.10309,0.65501,0,10.702,5.51,1,0.15318,0.59,0.16318,0
2.7192,0.10309,0.65501,0,10.702,5.51,1,0.15336,0.59,0.16336,0
2.7192,0.10309,0.65501,0,10.702,5.51,1,0.15354,0.59,0.16354,0
2.7192,0.10309,0.65501,0,10.702,5.51,1,0.15372,0.59,0.16372,0
2.7192,0.10309,0.65501,0,10.702,5.51,1,0.1539,0.59,0.1639,0
2.7192,0.10309,0.65501,0,10.702,5.51,1,0.15408,0.59,0.16408,0
2.7192,0.10309,0.65501,0,10.702,5.51,1,0.15426,0.59,0.16426,0
2.7192,0.10309,0.65501,0,10.702,5.51,1,0.15444,0.59,0.16444,0
2.7192,0.10309,0.65501,0,10.702,5.51,1,0.15462,0.59,0.16462,0
2.7192,0.10309,0.65501,0,10.702,5.51,1,0.1548,0.59,0.1648,0
2.7192,0.10309,0.65501,0,10.702,5.51,1,0.15498,0.59,0.16498,0
2.7192,0.10309,0.65501,0,10.702,5.51,1,0.15516,0.59,0.16516,0
2.7192,0.10309,0.65501,0,10.702,5.51,1,0.15534,0.59,0.16534,0
2.7192,0.10309,0.65501,0,10.702,5.51,1,0.15552,0.59,0.16552,0
2.7192,0.10309,0.65501,0,10.702,5.51,1,0.1557,0.59,0.1657,0
2.7192,0.10309,0.65501,0,10.702,5.51,1,0.15588,0.59,0.16588,0
2.7192,0.10309,0.65501,0,10.702,5.51,1,0.15606,0.59,0.16606,0
2.7192,0.10309,0.65501,0,10.702,5.51,1,0.15624,0.59,0.16624,0
2.7192,0.10309,0.65501,0,10.702,5.51,1,0.15642,0.59,0.16642,0
2.7192,0.10309,0.65501,0,10.702,5.51,1,0.1566,0.59,0.1666,0
2.7192,0.10309,0.65501,0,10.702,5.51,1,0.15678,0.59,0.16678,0
2.7192,0.10309,0.65501,0,10.702,5.51,1,0.15696,0.59,0.16696,0
2.7192,0.10309,0.65501,0,10.702,5.51,1,0.15714,0.59,0.16714,0
2.7192,0.10309,0.65501,0,10.702,5.51,1,0.15732,0.59,0.16732,0
2.7192,0.10309,0.65501,0,10.702,5.51,1,0.1575,0.59,0.1675,0
2.7192,0.10309,0.65501,0,10.702,5.51,1,0.15768,0.59,0.16768,0
2.7192,0.10309,0.65501,0,10.702,5.51,1,0.15786,0.59,0.16786,0
2.7192,0.10309,0.65501,0,10.702,5.51,1,0.15804,0.59,0.16804,0
2.7192,0.10309,0.65501,0,10.702,5.51,1,0.15822,0.59,0.16822,0
2.7192,0.10309,0.65501,0,10.702,5.51,1,0.1584,0.59,0.1684,0
2.7192,0.10309,0.65501,0,10.702,5.51,1,0.15858,0.59,0.16858,0
2.7192,0.10309,0.65501,0,10.702,5.51,1,0.15876,0.59,0.16876,0
2.7192,0.10309,0.65501,0,10.702,5.51,1,0.15894,0.59,0.16894,0
2.7192,0.10309,0.65501,0,10.702,5.51,1,0.15912,0.59,0.16912,0
2.7192,0.10309,0.65501,0,10.702,5.51,1,0.1593,0.59,0.1693,0
2.7192,0.10309,0.65501,0,10.702,5.51,1,0.15948,0.59,0.16948,0
2.7192,0.10309,0.65501,0,10.702,5.51,1,0.15966,0.59,0.16966,0
2.7192,0.10309,0.65501,0,10.702,5.51,1,0.15984,0.59,0.16984,0
2.7192,0.10309,0.65501,0,10.702,5.51,1,0.16002,0.59,0.17002,0
2.7192,0.10309,0.65501,0,10.702,5.51,1,0.1602,0.59,0.1702,0
2.7192,0.10309,0.65501,0,10.702,5.51,1,0.16038,0.59,0.17038,0
2.7192,0.10309,0.65501,0,10.702,5.51,1,0.16056,0.59,0.17056,0
2.7192,0.10309,0.65501,0,10.702,5.51,1,0.16074,0.59,0.17074,0
2.7192,0.10309,0.65501,0,10.702,5.51,1,0.16092,0.59,0.17092,0
2.7192,0.10309,0.65501,0,10.702,5.51,1,0.1611,0.59,0.1711,0
2.7192,0.10309,0.65501,0,10.702,5.51,1,0.16128,0.59,0.17128,0
2.7192,0.10309,0.65501,0,10.702,5.51,1,0.16146,0.59,0.17146,0
2.7192,0.10309,0.65501,0,10.702,5.51,1,0.16164,0.59,0.17164,0
2.7192,0.10309,0.65501,0,10.702,5.51,1,0.16182,0.59,0.17182,0
2.7192,0.10309,0.65501,0,10.702,5.51,1,0.162,0.59,0.172,0
2.7192,0.10309,0.65501,0,10.702,5.51,1,0.16218,0.59,0.17218,0
2.7192,0.10309,0.65501,0,10.702,5.51,1,0.16236,0.59,0.17236,0
2.7192,0.10309,0.65501,0,10.702,5.51,1,0.16254,0.59,0.17254,0
2.7192,0.10309,0.65501,0,10.702,5.51,1,0.16272,0.59,0.17272,0
2.7192,0.10309,0.65501,0,10.702,5.51,1,0.1629,0.59,0.1729,0
2.7192,0.10309,0.65501,0,10.702,5.51,1,0.16308,0.59,0.17308,0
2.7192,0.10309,0.65501,0,10.702,5.51,1,0.16326,0.59,0.17326,0
2.7192,0.10309,0.65501,0,10.702,5.51,1,0.16344,0.59,0.17344,0
2.7192,0.10309,0.65501,0,10.702,5.51,1,0.16362,0.59,0.17362,0
2.7192,0.10309,0.65501,0,10.702,5.51,1,0.1638,0.59,0.1738,0
2.7192,0.10309,0.65501,0,10.702,5.51,1,0.16398,0.59,0.17398,0
2.7192,0.10309,0.65501,0,10.702,5.51,1,0.16416,0.59,0.17416,0
2.7192,0.10309,0.65501,0,10.702,5.51,1,0.16434,0.59,0.17434,0
2.7192,0.10309,0.65501,0,10.702,5.51,1,0.16452,0.59,0.17452,0
2.7192,0.10309,0.65501,0,10.702,5.51,1,0.1647,0.59,0.1747,0
2.7192,0.10309,0.65501,0,10.702,5.51,1,0.16488,0.59,0.17488,0
2.7134,0.15256,0.92135,0,10.293,5.3111,1,0.16506,0.59,0.17506,0
2.7134,0.15256,0.92135,0,10.293,5.3111,1,0.16524,0.59,0.17524,0
2.7134,0.15256,0.92135,0,10.293,5.3111,1,0.16542,0.59,0.17542,0
2.7134,0.15256,0.92135,0,10.293,5.3111,1,0.1656,0.59,0.1756,0
2.7134,0.15256,0.92135,0,10.293,5.3111,1,0.16578,0.59,0.17578,0
2.7134,0.15256,0.92135,0,10.293,5.3111,1,0.16596,0.59,0.17596,0
2.7134,0.15256,0.92135,0,10.293,5.3111,1,0.16614,0.59,0.17614,0
2.7134,0.15256,0.92135,0,10.293,5.3111,1,0.16632,0.59,0.17632,0
2.7134,0.15256,0.92135,0,10.293,5.3111,1,0.1665,0.59,0.1765,0
2.7134,0.15256,0.92135,0,10.293,5.3111,1,0.16668,0.59,0.17668,0
2.7134,0.15256,0.92135,0,10.293,5.3111,1,0.16686,0.59,0.17686,0
2.7134,0.15256,0.92135,0,10.293,5.3111,1,0.16704,0.59,0.17704,0
2.7134,0.15256,0.92135,0,10.293,5.3111,1,0.16722,0.59,0.17722,0
2.7134,0.15256,0.92135,0,10.293,5.3111,1,0.1674,0.59,0.1774,0
2.7134,0.15256,0.92135,0,10.293,5.3111,1,0.16758,0.59,0.17758,0
2.7134,0.15256,0.92135,0,10.293,5.3111,1,0.16776,0.59,0.17776,0
2.7134,0.15256,0.92135,0,10.293,5.3111,1,0.16794,0.59,0.17794,0
2.7134,0.15256,0.92135,0,10.293,5.3111,1,0.16812,0.59,0.17812,0
2.7134,0.15256,0.92135,0,10.293,5.3111,1,0.1683,0.59,0.1783,0
2.7134,0.15256,0.92135,0,10.293,5.3111,1,0.16848,0.59,0.17848,0
2.7134,0.15256,0.92135,0,10.293,5.3111,1,0.16866,0.59,0.17866,0
2.7134,0.15256,0.92135,0,10.293,5.3111,1,0.16884,0.59,0.17884,0
2.7134,0.15256,0.92135,0,10.293,5.3111,1,0.16902,0.59,0.17902,0
2.7134,0.15256,0.92135,0,10.293,5.3111,1,0.1692,0.59,0.1792,0
2.7134,0.15256,0.92135,0,10.293,5.3111,1,0.16938,0.59,0.17938,0
2.7134,0.15256,0.92135,0,10.293,5.3111,1,0.16956,0.59,0.17956,0
2.7134,0.15256,0.92135,0,10.293,5.3111,1,0.16974,0.59,0.17974,0
2.7134,0.15256,0.92135,0,10.293,5.3111,1,0.16992,0.59,0.17992,0
2.7134,0.15256,0.92135,0,10.293,5.3111,1,0.1701,0.59,0.1801,0
2.7134,0.15256,0.92135,0,10.293,5.3111,1,0.17028,0.59,0.18028,0
2.7134,0.15256,0.92135,0,10.293,5.3111,1,0.17046,0.59,0.18046,0
2.7134,0.15256,0.92135,0,10.293,5.3111,1,0.17064,0.59,0.18064,0
2.7134,0.15256,0.92135,0,10.293,5.3111,1,0.17082,0.59,0.18082,0
2.7134,0.15256,0.92135,0,10.293,5.3111,1,0.171,0.59,0.181,0
2.7134,0.15256,0.92135,0,10.293,5.3111,1,0.17118,0.59,0.18118,0
2.7134,0.15256,0.92135,0,10.293,5.3111,1,0.17136,0.59,0.18136,0
2.7134,0.15256,0.92135,0,10.293,5.3111,1,0.17154,0.59,0.18154,0
2.7134,0.15256,0.92135,0,10.293,5.3111,1,0.17172,0.59,0.18172,0
2.7134,0.15256,0.92135,0,10.293,5.3111,1,0.1719,0.59,0.1819,0
2.7134,0.15256,0.92135,0,10.293,5.3111,1,0.17208,0.59,0.18208,0
2.7134,0.15256,0.92135,0,10.293,5.3111,1,0.17226,0.59,0.18226,0
2.7134,0.15256,0.92135,0,10.293,5.3111,1,0.17244,0.59,0.18244,0
2.7134,0.15256,0.92135,0,10.293,5.3111,1,0.17262,0.59,0.18262,0
2.7134,0.15256,0.92135,0,10.293,5.3111,1,0.1728,0.59,0.1828,0
2.7134,0.15256,0.92135,0,10.293,5.3111,1,0.17298,0.59,0.18298,0
2.7134,0.15256,0.92135,0,10.293,5.3111,1,0.17316,0.59,0.18316,0
2.7134,0.15256,0.92135,0,10.293,5.3111,1,0.17334,0.59,0.18334,0
2.7134,0.15256,0.92135,0,10.293,5.3111,1,0.17352,0.59,0.18352,0
2.7134,0.15256,0.92135,0,10.293,5.3111,1,0.1737,0.59,0.1837,0
2.7134,0.15256,0.92135,0,10.293,5.3111,1,0.17388,0.59,0.18388,0
2.7134,0.15256,0.92135,0,10.293,5.3111,1,0.17406,0.59,0.18406,0
2.7134,0.15256,0.92135,0,10.293,5.3111,1,0.17424,0.59,0.18424,0
2.7134,0.15256,0.92135,0,10.293,5.3111,1,0.17442,0.59,0.18442,0
2.7134,0.15256,0.92135,0,10.293,5.3111,1,0.1746,0.59,0.1846,0
2.7134,0.15256,0.92135,0,10.293,5.3111,1,0.17478,0.59,0.18478,0
2.7134,0.15256,0.92135,0,10.293,5.3111,1,0.17496,0.59,0.18496,0
2.7134,0.15256,0.92135,0,10.293,5.3111,1,0.17514,0.59,0.18514,0
2.7134,0.15256,0.92135,0,10.293,5.3111,1,0.17532,0.59,0.18532,0
2.7134,0.15256,0.92135,0,10.293,5.3111,1,0.1755,0.59,0.1855,0
2.7134,0.15256,0.92135,0,10.293,5.3111,1,0.17568,0.59,0.18568,0
2.7134,0.15256,0.92135,0,10.293,5.3111,1,0.17586,0.59,0.18586,0
2.7134,0.15256,0.92135,0,10.293,5.3111,1,0.17604,0.59,0.18604,0
2.7134,0.15256,0.92135,0,10.293,5.3111,1,0.17622,0.59,0.18622,0
2.7134,0.15256,0.92135,0,10.293,5.3111,1,0.1764,0.59,0.1864,0
2.7134,0.15256,0.92135,0,10.293,5.3111,1,0.17658,0.59,0.18658,0
2.7134,0.15256,0.92135,0,10.293,5.3111,1,0.17676,0.59,0.18676,0
2.7134,0.15256,0.92135,0,10.293,5.3111,1,0.17694,0.59,0.18694,0
2.7134,0.15256,0.92135,0,10.293,5.3111,1,0.17712,0.59,0.18712,0
2.7134,0.15256,0.92135,0,10.293,5.3111,1,0.1773,0.59,0.1873,0
2.7134,0.15256,0.92135,0,10.293,5.3111,1,0.17748,0.59,0.18748,0
2.7134,0.15256,0.92135,0,10.293,5.3111,1,0.17766,0.59,0.18766,0
2.7134,0.15256,0.92135,0,10.293,5.3111,1,0.17784,0.59,0.18784,0
2.7134,0.15256,0.92135,0,10.293,5.3111,1,0.17802,0.59,0.18802,0
2.7134,0.15256,0.92135,0,10.293,5.3111,1,0.1782,0.59,0.1882,0
2.7134,0.15256,0.92135,0,10.293,5.3111,1,0.17838,0.59,0.18838,0
2.7134,0.15256,0.92135,0,10.293,5.3111,1,0.17856,0.59,0.18856,0
2.7134,0.15256,0.92135,0,10.293,5.3111,1,0.17874,0.59,0.18874,0
2.7134,0.15256,0.92135,0,10.293,5.3111,1,0.17892,0.59,0.18892,0
2.7134,0.15256,0.92135,0,10.293,5.3111,1,0.1791,0.59,0.1891,0
2.7134,0.15256,0.92135,0,10.293,5.3111,1,0.17928,0.59,0.18928,0
2.7134,0.15256,0.92135,0,10.293,5.3111,1,0.17946,0.59,0.18946,0
2.7134,0.15256,0.92135,0,10.293,5.3111,1,0.17964,0.59,0.18964,0
2.7134,0.15256,0.92135,0,10.293,5.3111,1,0.17982,0.59,0.18982,0
2.7134,0.15256,0.92135,0,10.293,5.3111,1,0.18,0.59,0.19,0
